achieved_tw,naming,alpha,seed,variant_index,num_edges,num_nodes,num_nodes/num_edges,avg_markov_blanket_size,bn_index,query_index,query_vars,query_states,evidence,distance,num_evidence,num_target,probability,prior_probability,induced_width,num_eliminated,avg_markov_blanket_size_evidence,avg_markov_blanket_size_target,min_distance_target_evidence,min_distance_target_target,min_distance_evidence_evidence,all_evidence_are_roots,all_evidence_are_leaves,all_target_are_roots,all_target_are_leaves,abs_diff,rel_diff,llm_probability,llm_response,model,date
3,confusing,1,42,0,6,4,0.666666666666667,3,0,0,[np.str_('L_vy01po')],['s0'],"{np.str_('U_bx3bu6'): 's0', np.str_('G_2ohusw'): 's0'}",1,2,1,0.883739767348696,0.599933934105025,3,3,3,3,1,,1,False,False,False,True,0.283805833243671,0.473061810825969,,,,2025-11-02
3,confusing,1,42,0,6,4,0.666666666666667,3,0,1,"[np.str_('L_vy01po'), np.str_('G_2ohusw')]","['s0', 's1']","{np.str_('K_kx9xcv'): 's0', np.str_('U_bx3bu6'): 's1'}",1,2,2,0.0469059764136558,0.359482147354767,3,2,3,3,1,1,1,False,False,False,False,0.312576170941111,-0.869517925274422,,,,2025-11-02
3,confusing,1,42,0,6,4,0.666666666666667,3,0,2,"[np.str_('U_bx3bu6'), np.str_('G_2ohusw')]","['s0', 's1']","{np.str_('K_kx9xcv'): 's0', np.str_('L_vy01po'): 's0'}",1,2,2,0.0047380983086245,0.381869765049179,3,2,3,3,1,1,1,False,False,False,False,0.377131666740554,-0.987592371163466,,,,2025-11-02
3,confusing,1,42,0,6,4,0.666666666666667,3,0,3,[np.str_('L_vy01po')],['s1'],{np.str_('U_bx3bu6'): 's1'},1,1,1,0.691625184344826,0.400066065894975,3,3,3,3,1,,,False,False,False,True,0.291559118449852,0.728777427792118,,,,2025-11-02
3,confusing,1,42,0,6,4,0.666666666666667,3,0,4,[np.str_('K_kx9xcv')],['s0'],"{np.str_('G_2ohusw'): 's1', np.str_('U_bx3bu6'): 's1'}",1,2,1,0.234293418072727,0.481595656049767,2,2,3,3,1,,1,False,False,False,False,0.24730223797704,-0.5135059564397,,,,2025-11-02
3,confusing,1,42,0,6,4,0.666666666666667,3,0,6,[np.str_('G_2ohusw')],['s0'],"{np.str_('U_bx3bu6'): 's0', np.str_('L_vy01po'): 's0'}",1,2,1,0.282056064290622,0.507174391729752,3,3,3,3,1,,1,False,False,True,False,0.225118327439129,-0.44386769346013,,,,2025-11-02
3,confusing,1,42,0,6,4,0.666666666666667,3,0,7,"[np.str_('U_bx3bu6'), np.str_('G_2ohusw')]","['s0', 's0']","{np.str_('L_vy01po'): 's1', np.str_('K_kx9xcv'): 's1'}",1,2,2,0.0089794896818556,0.144900032162553,3,2,3,3,1,1,1,False,False,False,False,0.135920542480697,-0.938029760602246,,,,2025-11-02
3,confusing,1,42,0,6,4,0.666666666666667,3,0,8,"[np.str_('G_2ohusw'), np.str_('K_kx9xcv')]","['s0', 's0']",{np.str_('U_bx3bu6'): 's0'},1,1,2,0.267952295693229,0.453918038104027,2,1,3,3,1,1,,False,False,False,False,0.185965742410798,-0.409690135222559,,,,2025-11-02
3,confusing,1,42,0,6,4,0.666666666666667,3,0,9,[np.str_('U_bx3bu6')],['s1'],{np.str_('K_kx9xcv'): 's1'},1,1,1,0.259382697993913,0.473230202788268,2,2,3,3,1,,,False,False,False,False,0.213847504794356,-0.451888961301219,,,,2025-11-02
3,confusing,1,42,0,6,4,0.666666666666667,3,0,10,"[np.str_('L_vy01po'), np.str_('K_kx9xcv')]","['s1', 's1']","{np.str_('U_bx3bu6'): 's1', np.str_('G_2ohusw'): 's1'}",1,2,2,0.606685633671635,0.131267420148829,3,2,3,3,1,1,1,False,False,False,False,0.475418213522805,3.6217533107894,,,,2025-11-02
3,confusing,1,42,0,6,4,0.666666666666667,3,0,11,[np.str_('K_kx9xcv')],['s1'],"{np.str_('G_2ohusw'): 's0', np.str_('U_bx3bu6'): 's0'}",1,2,1,0.0258858168754889,0.518404343950233,2,2,3,3,1,,1,False,False,False,False,0.492518527074744,-0.950066358089827,,,,2025-11-02
3,confusing,1,42,0,6,4,0.666666666666667,3,0,12,[np.str_('G_2ohusw')],['s0'],{np.str_('U_bx3bu6'): 's0'},1,1,1,0.275072779285239,0.507174391729752,2,2,3,3,1,,,False,False,True,False,0.232101612444513,-0.45763669504865,,,,2025-11-02
3,confusing,1,42,0,6,4,0.666666666666667,3,0,13,[np.str_('K_kx9xcv')],['s1'],{np.str_('L_vy01po'): 's1'},1,1,1,0.328114357450375,0.518404343950233,3,3,3,3,1,,,False,True,False,False,0.190289986499858,-0.36706865735316,,,,2025-11-02
3,confusing,1,42,0,6,4,0.666666666666667,3,0,14,[np.str_('G_2ohusw')],['s0'],"{np.str_('U_bx3bu6'): 's0', np.str_('L_vy01po'): 's1'}",1,2,1,0.231503945689698,0.507174391729752,3,3,3,3,1,,1,False,False,True,False,0.275670446040054,-0.543541729502276,,,,2025-11-02
3,confusing,1,42,0,6,4,0.666666666666667,3,0,15,[np.str_('K_kx9xcv')],['s1'],{np.str_('U_bx3bu6'): 's0'},1,1,1,0.728855808736383,0.518404343950233,2,2,3,3,1,,,False,False,False,False,0.21045146478615,0.405960071982641,,,,2025-11-02
3,confusing,1,42,0,6,4,0.666666666666667,3,0,16,"[np.str_('U_bx3bu6'), np.str_('G_2ohusw')]","['s0', 's1']",{np.str_('L_vy01po'): 's0'},1,1,2,0.543306051410185,0.381869765049179,3,2,3,3,1,1,,False,True,False,False,0.161436286361006,0.422752208047201,,,,2025-11-02
3,confusing,1,42,0,6,4,0.666666666666667,3,0,17,"[np.str_('K_kx9xcv'), np.str_('U_bx3bu6')]","['s0', 's1']",{np.str_('L_vy01po'): 's1'},1,1,2,0.631041043553735,0.338765085402693,3,2,3,3,1,1,,False,True,False,False,0.292275958151042,0.862768835234633,,,,2025-11-02
3,confusing,1,42,0,6,4,0.666666666666667,3,0,18,[np.str_('K_kx9xcv')],['s1'],{np.str_('G_2ohusw'): 's1'},1,1,1,0.943838920946327,0.518404343950233,1,1,3,3,1,,,True,False,False,False,0.425434576996094,0.820661674542095,,,,2025-11-02
3,confusing,1,42,0,6,4,0.666666666666667,3,0,19,[np.str_('K_kx9xcv')],['s1'],"{np.str_('L_vy01po'): 's0', np.str_('U_bx3bu6'): 's1'}",1,2,1,0.408581982465539,0.518404343950233,3,3,3,3,1,,1,False,False,False,False,0.109822361484694,-0.211846915957241,,,,2025-11-02
3,confusing,1,42,0,6,4,0.666666666666667,3,0,21,"[np.str_('K_kx9xcv'), np.str_('L_vy01po')]","['s0', 's1']",{np.str_('U_bx3bu6'): 's0'},1,1,2,0.0310202637277922,0.268798645746146,3,2,3,3,1,1,,False,False,False,False,0.237778382018353,-0.884596651736528,,,,2025-11-02
3,confusing,1,42,0,6,4,0.666666666666667,3,0,22,[np.str_('G_2ohusw')],['s1'],{np.str_('K_kx9xcv'): 's0'},1,1,1,0.0574706553060764,0.492825608270248,1,1,3,3,1,,,False,False,True,False,0.435354952964172,-0.883385411915199,,,,2025-11-02
3,confusing,1,42,0,6,4,0.666666666666667,3,0,23,"[np.str_('U_bx3bu6'), np.str_('G_2ohusw')]","['s0', 's0']",{np.str_('K_kx9xcv'): 's1'},1,1,2,0.0072353863187774,0.144900032162553,2,1,3,3,1,1,,False,False,False,False,0.137664645843775,-0.950066358089827,,,,2025-11-02
3,confusing,1,42,0,6,4,0.666666666666667,3,0,25,[np.str_('G_2ohusw')],['s0'],{np.str_('K_kx9xcv'): 's0'},1,1,1,0.942529344693924,0.507174391729752,1,1,3,3,1,,,False,False,True,False,0.435354952964172,0.858393010497562,,,,2025-11-02
3,confusing,1,42,0,6,4,0.666666666666667,3,0,26,"[np.str_('K_kx9xcv'), np.str_('U_bx3bu6')]","['s1', 's0']",{np.str_('L_vy01po'): 's1'},1,1,2,0.141045708274265,0.383939226564657,3,2,3,3,1,1,,False,True,False,False,0.242893518290392,-0.632635327376448,,,,2025-11-02
3,confusing,1,42,0,6,4,0.666666666666667,3,0,27,[np.str_('L_vy01po')],['s1'],"{np.str_('K_kx9xcv'): 's1', np.str_('G_2ohusw'): 's0'}",1,2,1,0.163421194398389,0.400066065894975,3,3,3,3,1,,1,False,False,False,True,0.236644871496585,-0.591514481407452,,,,2025-11-02
3,confusing,1,42,0,6,4,0.666666666666667,3,0,28,[np.str_('U_bx3bu6')],['s0'],{np.str_('K_kx9xcv'): 's0'},1,1,1,0.296577780245415,0.526769797211732,2,2,3,3,1,,,False,False,False,False,0.230192016966316,-0.436987880065934,,,,2025-11-02
3,confusing,1,42,0,6,4,0.666666666666667,3,0,29,[np.str_('G_2ohusw')],['s0'],{np.str_('L_vy01po'): 's0'},1,1,1,0.400797109616681,0.507174391729752,3,3,3,3,1,,,False,True,True,False,0.106377282113071,-0.209744978941591,,,,2025-11-02
3,confusing,0.5,43,0,6,4,0.666666666666667,3,1,6,[np.str_('L_vy01po')],['s0'],{np.str_('G_2ohusw'): 's0'},1,1,1,0.56530750937958,0.221211251051113,3,3,3,3,1,,,True,False,False,True,0.344096258328467,1.55550975229989,,,,2025-11-02
3,confusing,0.5,43,0,6,4,0.666666666666667,3,1,10,"[np.str_('U_bx3bu6'), np.str_('K_kx9xcv')]","['s0', 's0']","{np.str_('L_vy01po'): 's0', np.str_('G_2ohusw'): 's1'}",1,2,2,0.274441456954033,0.146410946735906,3,2,3,3,1,1,1,False,False,False,False,0.128030510218127,0.874459957212533,,,,2025-11-02
3,confusing,0.5,43,0,6,4,0.666666666666667,3,1,12,[np.str_('U_bx3bu6')],['s1'],{np.str_('K_kx9xcv'): 's1'},1,1,1,0.970513476508572,0.852818558162507,2,2,3,3,1,,,False,False,False,False,0.117694918346065,0.138006985447938,,,,2025-11-02
3,confusing,0.5,43,0,6,4,0.666666666666667,3,1,13,"[np.str_('K_kx9xcv'), np.str_('L_vy01po')]","['s0', 's1']",{np.str_('G_2ohusw'): 's0'},1,1,2,0.277652495172534,0.753022754124476,3,2,3,3,1,1,,True,False,False,False,0.475370258951942,-0.631282728640312,,,,2025-11-02
3,confusing,0.5,43,0,6,4,0.666666666666667,3,1,16,"[np.str_('L_vy01po'), np.str_('U_bx3bu6')]","['s1', 's1']","{np.str_('K_kx9xcv'): 's0', np.str_('G_2ohusw'): 's0'}",1,2,2,0.157971654167334,0.692407868768972,3,2,3,3,1,1,1,False,False,False,False,0.534436214601638,-0.771851734660106,,,,2025-11-02
3,confusing,0.5,43,0,6,4,0.666666666666667,3,1,17,[np.str_('L_vy01po')],['s1'],{np.str_('U_bx3bu6'): 's0'},1,1,1,0.586900624844335,0.778788748948887,3,3,3,3,1,,,False,False,False,True,0.191888124104552,-0.24639303580533,,,,2025-11-02
3,confusing,0.5,43,0,6,4,0.666666666666667,3,1,18,[np.str_('K_kx9xcv')],['s1'],"{np.str_('L_vy01po'): 's1', np.str_('G_2ohusw'): 's0'}",1,2,1,0.361266869882544,0.0261304151983432,3,3,3,3,1,,1,False,False,False,False,0.3351364546842,12.8255311727863,,,,2025-11-02
3,confusing,0.5,43,0,6,4,0.666666666666667,3,1,19,[np.str_('L_vy01po')],['s1'],"{np.str_('G_2ohusw'): 's0', np.str_('U_bx3bu6'): 's1'}",1,2,1,0.231732722553837,0.778788748948887,3,3,3,3,1,,1,False,False,False,True,0.547056026395049,-0.702444696502612,,,,2025-11-02
3,confusing,0.5,43,0,6,4,0.666666666666667,3,1,22,"[np.str_('K_kx9xcv'), np.str_('U_bx3bu6')]","['s0', 's0']",{np.str_('L_vy01po'): 's0'},1,1,2,0.274063032608893,0.146410946735906,3,2,3,3,1,1,,False,True,False,False,0.127652085872987,0.871875284730202,,,,2025-11-02
3,confusing,0.5,43,0,6,4,0.666666666666667,3,1,24,"[np.str_('U_bx3bu6'), np.str_('G_2ohusw')]","['s0', 's1']","{np.str_('L_vy01po'): 's0', np.str_('K_kx9xcv'): 's0'}",1,2,2,0.274101149133979,0.146706633152023,3,2,3,3,1,1,1,False,False,False,False,0.127394515981956,0.868362344938723,,,,2025-11-02
3,confusing,0.5,43,0,6,4,0.666666666666667,3,1,29,[np.str_('G_2ohusw')],['s1'],"{np.str_('K_kx9xcv'): 's1', np.str_('U_bx3bu6'): 's0'}",1,2,1,0.723246273805266,0.998870931721098,2,2,3,3,1,,1,False,False,True,False,0.275624657915831,-0.275936208736116,,,,2025-11-02
3,confusing,1,44,0,10,6,0.6,5,2,0,"[np.str_('G_bo3vt6'), np.str_('K_5si3ik')]","['s0', 's1']",{np.str_('W_qis23b'): 's0'},1,1,2,0.291332689430887,0.169116074343543,3,3,4,3,1,2,,False,False,False,False,0.122216615087344,0.722678879354029,,,,2025-11-02
3,confusing,1,44,0,10,6,0.6,5,2,11,"[np.str_('G_bo3vt6'), np.str_('K_5si3ik')]","['s1', 's0']","{np.str_('U_9d6udx'): 's0', np.str_('X_wzdhd9'): 's0'}",1,2,2,0.491735693874482,0.3202876293289,2,2,2.5,3,1,2,2,True,False,False,False,0.171448064545582,0.53529405710991,,,,2025-11-02
3,confusing,1,44,0,10,6,0.6,5,2,13,[np.str_('K_5si3ik')],['s0'],"{np.str_('X_wzdhd9'): 's0', np.str_('U_9d6udx'): 's1'}",1,2,1,0.295931732829031,0.542129969835013,1,2,2.5,3,1,,2,True,False,False,False,0.246198237005982,-0.454131390450352,,,,2025-11-02
3,confusing,1,44,0,10,6,0.6,5,2,14,[np.str_('U_9d6udx')],['s0'],{np.str_('K_5si3ik'): 's0'},1,1,1,0.690533804740993,0.433075670875592,1,1,3,3,1,,,False,False,True,False,0.257458133865401,0.594487640796981,,,,2025-11-02
3,confusing,1,44,0,10,6,0.6,5,2,18,[np.str_('W_qis23b')],['s1'],"{np.str_('G_bo3vt6'): 's0', np.str_('X_wzdhd9'): 's0'}",1,2,1,0.14049848394906,0.624092475888697,3,4,2.5,4,1,,2,False,False,False,False,0.483593991939637,-0.774875536275305,,,,2025-11-02
3,confusing,1,44,0,10,6,0.6,5,2,20,[np.str_('W_qis23b')],['s0'],"{np.str_('M_clcji8'): 's1', np.str_('U_9d6udx'): 's1'}",1,2,1,0.273639708908016,0.375907524111303,5,5,4,4,1,,1,False,False,False,False,0.102267815203287,-0.272055781392144,,,,2025-11-02
3,confusing,1,44,0,10,6,0.6,5,2,21,"[np.str_('W_qis23b'), np.str_('U_9d6udx')]","['s1', 's0']","{np.str_('K_5si3ik'): 's1', np.str_('G_bo3vt6'): 's0'}",1,2,2,0.0527554577986063,0.253086907318222,3,3,3,3.5,1,2,2,False,False,False,False,0.200331449519616,-0.791552007341598,,,,2025-11-02
3,confusing,1,44,0,10,6,0.6,5,2,23,"[np.str_('U_9d6udx'), np.str_('M_clcji8')]","['s0', 's0']","{np.str_('X_wzdhd9'): 's0', np.str_('K_5si3ik'): 's1'}",1,2,2,0.0892569336602602,0.200243087087014,5,4,2.5,4,1,1,2,False,False,False,False,0.110986153426754,-0.554257103410146,0.0903,"Final Answer: P(U_9d6udx=s0, M_clcji8=s0 | X_wzdhd9=s0, K_5si3ik=s1) = 0.0903",openai/o3-mini-high,2025-11-02
3,confusing,1,44,0,10,6,0.6,5,2,26,"[np.str_('U_9d6udx'), np.str_('X_wzdhd9')]","['s1', 's0']","{np.str_('W_qis23b'): 's0', np.str_('K_5si3ik'): 's0'}",1,2,2,0.196312076642157,0.299554026259418,3,3,3.5,2.5,1,2,1,False,False,True,False,0.103241949617261,-0.344652184804393,,,,2025-11-02
3,confusing,0.5,45,0,10,6,0.6,5,3,6,"[np.str_('M_clcji8'), np.str_('X_wzdhd9')]","['s0', 's0']",{np.str_('G_bo3vt6'): 's0'},1,1,2,0.594728126460412,0.412570715889336,5,4,3,3.5,1,1,,False,False,False,False,0.182157410571076,0.441518032074619,,,,2025-11-02
3,confusing,0.5,45,0,10,6,0.6,5,3,7,"[np.str_('U_9d6udx'), np.str_('X_wzdhd9')]","['s0', 's0']","{np.str_('K_5si3ik'): 's0', np.str_('M_clcji8'): 's0'}",1,2,2,0.0203729439592492,0.257048323815146,5,4,4,2.5,1,2,1,False,False,True,False,0.236675379855897,-0.920742747290193,,,,2025-11-02
3,confusing,0.5,45,0,10,6,0.6,5,3,12,"[np.str_('K_5si3ik'), np.str_('U_9d6udx')]","['s1', 's0']","{np.str_('G_bo3vt6'): 's1', np.str_('W_qis23b'): 's1'}",1,2,2,0.0063886731765971,0.183730796589213,3,3,3.5,3,1,1,1,False,False,False,False,0.177342123412616,-0.965228076646938,,,,2025-11-02
3,confusing,0.5,45,0,10,6,0.6,5,3,17,[np.str_('U_9d6udx')],['s0'],{np.str_('K_5si3ik'): 's0'},1,1,1,0.183948185925721,0.304743028645387,1,1,3,3,1,,,False,False,True,False,0.120794842719666,-0.396382628526766,,,,2025-11-02
3,confusing,0.5,45,0,10,6,0.6,5,3,20,"[np.str_('M_clcji8'), np.str_('K_5si3ik')]","['s0', 's0']","{np.str_('X_wzdhd9'): 's1', np.str_('W_qis23b'): 's0'}",1,2,2,0.108575910710413,0.255220994498948,5,4,3,4,1,1,1,False,False,False,False,0.146645083788535,-0.57458080232165,,,,2025-11-02
3,confusing,0.5,45,0,10,6,0.6,5,3,26,"[np.str_('K_5si3ik'), np.str_('G_bo3vt6')]","['s1', 's0']",{np.str_('M_clcji8'): 's1'},1,1,2,0.0999612610613641,0.262003689476111,5,4,5,3,1,2,,False,True,False,False,0.162042428414747,-0.618473841871305,,,,2025-11-02
3,confusing,0.5,45,0,10,6,0.6,5,3,27,"[np.str_('W_qis23b'), np.str_('M_clcji8')]","['s0', 's1']",{np.str_('G_bo3vt6'): 's0'},1,1,2,0.248446930660915,0.461262152360697,5,4,3,4.5,1,1,,False,False,False,False,0.212815221699781,-0.461375858848624,,,,2025-11-02
3,confusing,0.5,45,0,10,6,0.6,5,3,28,"[np.str_('K_5si3ik'), np.str_('U_9d6udx')]","['s0', 's1']",{np.str_('W_qis23b'): 's1'},1,1,2,0.433830063042684,0.536848194493722,3,3,4,3,1,1,,False,False,False,False,0.103018131451038,-0.191894342772616,,,,2025-11-02
4,confusing,1,46,0,11,6,0.545454545454545,4.33333333333333,4,0,"[np.str_('P_48cwxi'), np.str_('Y_q2xqrf')]","['s0', 's0']",{np.str_('A_qw4mqw'): 's1'},1,1,2,0.344592471336993,0.541710249052978,4,4,4,2.5,1,2,,False,True,False,False,0.197117777715985,-0.363880465729766,,,,2025-11-02
4,confusing,1,46,0,11,6,0.545454545454545,4.33333333333333,4,1,"[np.str_('Y_cimb2b'), np.str_('Y_q2xqrf')]","['s1', 's0']","{np.str_('F_tsl31q'): 's1', np.str_('L_ci65w8'): 's1'}",1,2,2,0.21911897980035,0.435285472535677,3,3,4,4.5,1,1,1,False,False,False,False,0.216166492735326,-0.49660856236733,,,,2025-11-02
4,confusing,1,46,0,11,6,0.545454545454545,4.33333333333333,4,5,[np.str_('Y_q2xqrf')],['s1'],"{np.str_('A_qw4mqw'): 's1', np.str_('F_tsl31q'): 's1'}",1,2,1,0.580040338851183,0.229200669315279,4,5,4,4,1,,1,False,False,False,False,0.350839669535904,1.53070962045623,,,,2025-11-02
4,confusing,1,46,0,11,6,0.545454545454545,4.33333333333333,4,9,"[np.str_('A_qw4mqw'), np.str_('Y_cimb2b')]","['s0', 's1']","{np.str_('L_ci65w8'): 's1', np.str_('F_tsl31q'): 's1'}",1,2,2,0.727173587866512,0.42979290142522,4,4,4,4.5,1,1,1,False,False,False,False,0.297380686441292,0.691916235598957,,,,2025-11-02
4,confusing,1,46,0,11,6,0.545454545454545,4.33333333333333,4,10,[np.str_('A_qw4mqw')],['s0'],"{np.str_('P_48cwxi'): 's1', np.str_('Y_cimb2b'): 's1'}",1,2,1,0.742265789217271,0.628757046020925,4,5,3,4,1,,1,False,False,False,True,0.113508743196346,0.180528781211573,,,,2025-11-02
4,confusing,1,46,0,11,6,0.545454545454545,4.33333333333333,4,13,[np.str_('F_tsl31q')],['s1'],{np.str_('Y_q2xqrf'): 's1'},1,1,1,0.306402757029461,0.0968958038746207,3,4,4,4,1,,,False,False,True,False,0.209506953154841,2.16218809047638,,,,2025-11-02
4,confusing,1,46,0,11,6,0.545454545454545,4.33333333333333,4,15,"[np.str_('Y_cimb2b'), np.str_('A_qw4mqw')]","['s1', 's1']","{np.str_('Y_q2xqrf'): 's1', np.str_('F_tsl31q'): 's1'}",1,2,2,0.200999876021926,0.0948470770185861,4,4,4,4.5,1,1,1,False,False,False,False,0.10615279900334,1.11919947709657,,,,2025-11-02
4,confusing,1,46,0,11,6,0.545454545454545,4.33333333333333,4,16,[np.str_('A_qw4mqw')],['s0'],"{np.str_('P_48cwxi'): 's0', np.str_('Y_cimb2b'): 's0'}",1,2,1,0.43687960940154,0.628757046020925,4,5,3,4,1,,1,False,False,False,True,0.191877436619384,-0.305169441573143,,,,2025-11-02
4,confusing,1,46,0,11,6,0.545454545454545,4.33333333333333,4,18,[np.str_('Y_cimb2b')],['s0'],{np.str_('A_qw4mqw'): 's1'},1,1,1,0.744514808962725,0.475360021556194,4,5,4,5,1,,,False,True,False,False,0.269154787406532,0.566212502526813,,,,2025-11-02
4,confusing,1,46,0,11,6,0.545454545454545,4.33333333333333,4,21,"[np.str_('A_qw4mqw'), np.str_('L_ci65w8')]","['s0', 's1']","{np.str_('F_tsl31q'): 's1', np.str_('Y_cimb2b'): 's0'}",1,2,2,0.323338206942103,0.0953732490290307,4,4,4.5,4,1,1,1,False,False,False,False,0.227964957913072,2.39024003306924,,,,2025-11-02
4,confusing,1,46,0,11,6,0.545454545454545,4.33333333333333,4,24,[np.str_('L_ci65w8')],['s0'],"{np.str_('Y_cimb2b'): 's0', np.str_('Y_q2xqrf'): 's0'}",1,2,1,0.979473294572782,0.87670869544478,3,4,4.5,4,1,,1,False,False,False,False,0.102764599128002,0.117216356655236,,,,2025-11-02
4,confusing,1,46,0,11,6,0.545454545454545,4.33333333333333,4,27,"[np.str_('Y_cimb2b'), np.str_('L_ci65w8')]","['s1', 's0']","{np.str_('Y_q2xqrf'): 's0', np.str_('P_48cwxi'): 's1'}",1,2,2,0.0141643766281465,0.425601475503587,3,3,2.5,4.5,1,1,2,False,False,False,False,0.41143709887544,-0.966719155258128,,,,2025-11-02
4,confusing,1,46,0,11,6,0.545454545454545,4.33333333333333,4,28,[np.str_('P_48cwxi')],['s1'],"{np.str_('Y_cimb2b'): 's1', np.str_('Y_q2xqrf'): 's0'}",1,2,1,0.0385553937396138,0.337110402823482,3,4,4.5,1,1,,1,False,False,True,False,0.298555009083868,-0.885629771681053,,,,2025-11-02
4,confusing,1,46,0,11,6,0.545454545454545,4.33333333333333,4,29,[np.str_('Y_cimb2b')],['s0'],{np.str_('P_48cwxi'): 's0'},1,1,1,0.272005051474899,0.475360021556194,3,3,1,5,1,,,True,False,False,False,0.203354970081294,-0.427791486157309,,,,2025-11-02
4,confusing,0.5,47,0,11,6,0.545454545454545,4.33333333333333,5,3,"[np.str_('L_ci65w8'), np.str_('Y_cimb2b')]","['s1', 's1']","{np.str_('A_qw4mqw'): 's0', np.str_('P_48cwxi'): 's1'}",1,2,2,0.188606429383177,0.293154102734158,4,4,2.5,4.5,1,1,2,False,False,False,False,0.104547673350981,-0.356630428760495,,,,2025-11-02
4,confusing,0.5,47,0,11,6,0.545454545454545,4.33333333333333,5,4,"[np.str_('L_ci65w8'), np.str_('Y_q2xqrf')]","['s1', 's1']","{np.str_('Y_cimb2b'): 's0', np.str_('A_qw4mqw'): 's0'}",1,2,2,0.0005067073906228,0.280735409223415,4,4,4.5,4,1,1,1,False,False,False,False,0.280228701832792,-0.998195071323477,,,,2025-11-02
4,confusing,0.5,47,0,11,6,0.545454545454545,4.33333333333333,5,5,[np.str_('F_tsl31q')],['s0'],"{np.str_('L_ci65w8'): 's0', np.str_('Y_q2xqrf'): 's1'}",1,2,1,0.50988645142508,0.166683302695491,3,4,4,4,1,,1,False,False,True,False,0.343203148729589,2.05901336954294,,,,2025-11-02
4,confusing,0.5,47,0,11,6,0.545454545454545,4.33333333333333,5,12,[np.str_('L_ci65w8')],['s1'],{np.str_('F_tsl31q'): 's0'},1,1,1,0.5576545744863,0.882352429590179,1,1,4,4,1,,,True,False,False,False,0.324697855103879,-0.367991115811501,,,,2025-11-02
4,confusing,0.5,47,0,11,6,0.545454545454545,4.33333333333333,5,17,[np.str_('Y_q2xqrf')],['s1'],"{np.str_('L_ci65w8'): 's1', np.str_('A_qw4mqw'): 's1'}",1,2,1,0.483173143383878,0.332779840625093,4,5,4,4,1,,1,False,False,False,False,0.150393302758785,0.45193032870106,,,,2025-11-02
4,confusing,0.5,47,0,11,6,0.545454545454545,4.33333333333333,5,19,[np.str_('Y_q2xqrf')],['s0'],"{np.str_('P_48cwxi'): 's1', np.str_('Y_cimb2b'): 's0'}",1,2,1,0.965872588755359,0.667220159374907,3,4,3,4,1,,1,False,False,False,False,0.298652429380451,0.4476070232354,,,,2025-11-02
4,confusing,0.5,47,0,11,6,0.545454545454545,4.33333333333333,5,20,"[np.str_('Y_q2xqrf'), np.str_('A_qw4mqw')]","['s0', 's0']","{np.str_('L_ci65w8'): 's1', np.str_('F_tsl31q'): 's0'}",1,2,2,0.246870318536546,0.461705850023743,4,4,4,4,1,1,1,False,False,False,False,0.214835531487198,-0.465308229202965,,,,2025-11-02
4,confusing,0.5,47,0,11,6,0.545454545454545,4.33333333333333,5,23,"[np.str_('L_ci65w8'), np.str_('Y_q2xqrf')]","['s1', 's0']",{np.str_('A_qw4mqw'): 's0'},1,1,2,0.713316586060851,0.601617020366764,4,4,4,4,1,1,,False,True,False,False,0.111699565694087,0.18566556781587,,,,2025-11-02
4,confusing,0.5,47,0,11,6,0.545454545454545,4.33333333333333,5,24,"[np.str_('Y_q2xqrf'), np.str_('P_48cwxi')]","['s0', 's1']","{np.str_('Y_cimb2b'): 's0', np.str_('A_qw4mqw'): 's1'}",1,2,2,0.853412242629064,0.63051624464206,4,4,4.5,2.5,1,2,1,False,False,False,False,0.222895997987004,0.353513489749247,,,,2025-11-02
4,confusing,0.5,47,0,11,6,0.545454545454545,4.33333333333333,5,26,[np.str_('Y_q2xqrf')],['s0'],"{np.str_('Y_cimb2b'): 's1', np.str_('A_qw4mqw'): 's0'}",1,2,1,0.175434184677208,0.667220159374907,4,5,4.5,4,1,,1,False,False,False,False,0.4917859746977,-0.737067020214789,,,,2025-11-02
4,confusing,0.5,47,0,11,6,0.545454545454545,4.33333333333333,5,29,[np.str_('A_qw4mqw')],['s0'],{np.str_('Y_cimb2b'): 's1'},1,1,1,0.407492715526204,0.580197024414003,4,5,5,4,1,,,False,False,False,True,0.172704308887799,-0.297664933842483,,,,2025-11-02
3,confusing,1,48,0,10,8,0.8,4,6,1,[np.str_('W_2mv0wc')],['s0'],{np.str_('A_re1agg'): 's0'},1,1,1,0.339692322398839,0.565406374221935,4,5,1,4,1,,,True,False,False,True,0.225714051823096,-0.399206768996378,,,,2025-11-02
3,confusing,1,48,0,10,8,0.8,4,6,2,"[np.str_('W_2mv0wc'), np.str_('C_2q3gw5')]","['s0', 's1']","{np.str_('C_2vgqnw'): 's0', np.str_('O_12p4cs'): 's1'}",1,2,2,0.0577949985099912,0.233465876848303,4,4,3.5,3.5,1,1,2,False,False,False,False,0.175670878338312,-0.752447769711784,,,,2025-11-02
3,confusing,1,48,0,10,8,0.8,4,6,5,[np.str_('V_svz281')],['s1'],"{np.str_('C_2vgqnw'): 's0', np.str_('W_2mv0wc'): 's1'}",1,2,1,0.171918260611864,0.278690904698059,4,5,3.5,2,1,,1,False,False,True,False,0.106772644086195,-0.383122097945304,,,,2025-11-02
3,confusing,1,48,0,10,8,0.8,4,6,6,"[np.str_('O_12p4cs'), np.str_('V_svz281')]","['s0', 's0']","{np.str_('L_2p6cot'): 's1', np.str_('S_vh9add'): 's0'}",1,2,2,0.135857981386426,0.292529043213883,2,3,1.5,3,1,2,2,False,True,False,False,0.156671061827457,-0.535574382995217,,,,2025-11-02
3,confusing,0.5,49,0,10,8,0.8,4,7,2,"[np.str_('C_2vgqnw'), np.str_('O_12p4cs')]","['s0', 's0']",{np.str_('C_2q3gw5'): 's1'},1,1,2,0.0233154082442755,0.502345099346778,2,2,3,3.5,1,2,,True,False,False,False,0.479029691102503,-0.953586870311677,,,,2025-11-02
3,confusing,0.5,49,0,10,8,0.8,4,7,6,[np.str_('C_2vgqnw')],['s0'],{np.str_('W_2mv0wc'): 's1'},1,1,1,0.944100663106297,0.553939255133852,4,5,4,3,1,,,False,True,False,False,0.390161407972445,0.704339698543603,,,,2025-11-02
3,confusing,0.5,49,0,10,8,0.8,4,7,7,[np.str_('S_vh9add')],['s1'],"{np.str_('C_2vgqnw'): 's1', np.str_('A_re1agg'): 's1'}",2,2,1,0.457669157346644,0.348715530557433,2,5,2,2,2,,2,False,False,False,True,0.108953626789211,0.312442714022646,,,,2025-11-02
3,confusing,0.5,49,0,10,8,0.8,4,7,9,"[np.str_('C_2vgqnw'), np.str_('S_vh9add')]","['s0', 's0']","{np.str_('V_svz281'): 's1', np.str_('O_12p4cs'): 's1'}",1,2,2,0.0071682958445426,0.409371969804725,3,3,3,2.5,1,2,2,False,False,False,False,0.402203673960183,-0.982489529393129,,,,2025-11-02
3,confusing,0.5,49,0,10,8,0.8,4,7,10,"[np.str_('W_2mv0wc'), np.str_('O_12p4cs')]","['s1', 's0']",{np.str_('C_2vgqnw'): 's0'},1,1,2,0.431953106348133,0.246587043538894,4,4,3,4,1,1,,False,False,False,False,0.185366062809239,0.751726693134228,,,,2025-11-02
3,confusing,0.5,49,0,10,8,0.8,4,7,12,[np.str_('V_svz281')],['s1'],"{np.str_('O_12p4cs'): 's0', np.str_('C_2vgqnw'): 's0'}",1,2,1,0.208174069884443,0.538490566600357,2,3,3.5,2,1,,2,False,False,True,False,0.330316496715913,-0.613411853807013,,,,2025-11-02
3,confusing,0.5,49,0,10,8,0.8,4,7,15,[np.str_('S_vh9add')],['s1'],"{np.str_('C_2vgqnw'): 's1', np.str_('W_2mv0wc'): 's1'}",2,2,1,0.701296218708419,0.348715530557433,5,6,3.5,2,2,,1,False,False,False,True,0.352580688150986,1.01108398466617,,,,2025-11-02
3,confusing,0.5,49,0,10,8,0.8,4,7,16,"[np.str_('O_12p4cs'), np.str_('V_svz281')]","['s1', 's0']","{np.str_('C_2q3gw5'): 's1', np.str_('W_2mv0wc'): 's1'}",1,2,2,0.331803571817362,0.0400884265306399,4,4,3.5,3,1,2,1,False,False,False,False,0.291715145286722,7.27679209518892,,,,2025-11-02
3,confusing,0.5,49,0,10,8,0.8,4,7,17,"[np.str_('V_svz281'), np.str_('C_2q3gw5')]","['s0', 's0']","{np.str_('W_2mv0wc'): 's0', np.str_('O_12p4cs'): 's0'}",1,2,2,0.347215428720774,0.454546846705521,4,4,4,2.5,1,2,1,False,False,True,False,0.107331417984747,-0.236128396363691,,,,2025-11-02
3,confusing,0.5,49,0,10,8,0.8,4,7,18,"[np.str_('V_svz281'), np.str_('O_12p4cs')]","['s1', 's0']","{np.str_('W_2mv0wc'): 's0', np.str_('C_2vgqnw'): 's1'}",1,2,2,0.882234687218096,0.491715272414966,4,4,3.5,3,1,2,1,False,False,False,False,0.390519414803129,0.794198262106375,,,,2025-11-02
3,confusing,0.5,49,0,10,8,0.8,4,7,25,[np.str_('L_2p6cot')],['s1'],"{np.str_('S_vh9add'): 's0', np.str_('C_2q3gw5'): 's1'}",2,2,1,0.571274144260176,0.862559497514559,2,4,2.5,1,2,,2,False,False,False,True,0.291285353254383,-0.337698853347176,,,,2025-11-02
3,confusing,0.5,49,0,10,8,0.8,4,7,28,"[np.str_('A_re1agg'), np.str_('O_12p4cs')]","['s1', 's1']","{np.str_('C_2vgqnw'): 's1', np.str_('C_2q3gw5'): 's1'}",1,2,2,0.581097521997763,0.0519711365434455,,,3,2.5,1,2,1,False,False,False,False,0.529126385454317,10.181158632388,,,,2025-11-02
4,confusing,1,50,0,19,8,0.421052631578947,5.75,8,1,[np.str_('A_dcka33')],['s1'],"{np.str_('O_nhaatt'): 's0', np.str_('F_gwfc5h'): 's0'}",1,2,1,0.697083274894146,0.436145583117643,5,6,5.5,7,1,,1,False,False,False,False,0.260937691776503,0.598281174628151,,,,2025-11-02
4,confusing,1,50,0,19,8,0.421052631578947,5.75,8,3,"[np.str_('G_u5vagt'), np.str_('P_eo9210')]","['s1', 's0']",{np.str_('F_gwfc5h'): 's0'},1,1,2,0.571410680750961,0.373476002066359,2,2,7,4,1,2,,False,False,False,False,0.197934678684602,0.529979644179206,,,,2025-11-02
4,confusing,1,50,0,19,8,0.421052631578947,5.75,8,4,[np.str_('F_gwfc5h')],['s0'],{np.str_('P_eo9210'): 's1'},1,1,1,0.27376868256537,0.533922602425342,2,2,4,7,1,,,False,False,False,False,0.260153919859972,-0.48725024690512,,,,2025-11-02
4,confusing,1,50,0,19,8,0.421052631578947,5.75,8,9,[np.str_('A_l40h2y')],['s1'],{np.str_('P_eo9210'): 's0'},1,1,1,0.757216646743503,0.652867297986311,5,6,4,4,1,,,False,False,False,True,0.104349348757192,0.159832402509736,,,,2025-11-02
4,confusing,1,50,0,19,8,0.421052631578947,5.75,8,15,"[np.str_('A_l40h2y'), np.str_('Q_6l74eg')]","['s0', 's0']","{np.str_('G_u5vagt'): 's0', np.str_('F_gwfc5h'): 's0'}",1,2,2,0.110142274080622,0.222339720029662,5,5,5.5,4.5,1,1,1,False,False,False,False,0.11219744594904,-0.50462169302935,,,,2025-11-02
4,confusing,1,50,0,19,8,0.421052631578947,5.75,8,17,"[np.str_('A_dcka33'), np.str_('A_l40h2y')]","['s1', 's1']","{np.str_('O_nhaatt'): 's0', np.str_('G_u5vagt'): 's0'}",1,2,2,0.423133193422836,0.299445181548582,5,6,4,5.5,1,1,1,False,False,False,False,0.123688011874254,0.413057278913627,0.3602,"Final Answer: P(A_dcka33=s1, A_l40h2y=s1 | O_nhaatt=s0, G_u5vagt=s0) = 0.3602",openai/o3-mini-high,2025-11-02
4,confusing,1,50,0,19,8,0.421052631578947,5.75,8,18,[np.str_('P_eo9210')],['s1'],"{np.str_('A_l40h2y'): 's0', np.str_('O_nhaatt'): 's0'}",1,2,1,0.648882155273922,0.527958299954658,5,7,4,4,1,,2,False,True,False,False,0.120923855319264,0.229040542273224,,,,2025-11-02
4,confusing,1,50,0,19,8,0.421052631578947,5.75,8,19,[np.str_('P_eo9210')],['s1'],{np.str_('A_l40h2y'): 's0'},1,1,1,0.669855746378552,0.527958299954658,5,6,4,4,1,,,False,True,False,False,0.141897446423895,0.268766390141194,,,,2025-11-02
4,confusing,1,50,0,19,8,0.421052631578947,5.75,8,21,[np.str_('C_p490cm')],['s1'],{np.str_('G_u5vagt'): 's1'},1,1,1,0.102086298129689,0.218172502380535,2,3,4,3,1,,,False,False,False,False,0.116086204250846,-0.532084488119266,,,,2025-11-02
4,confusing,1,50,0,19,8,0.421052631578947,5.75,8,22,[np.str_('P_eo9210')],['s1'],{np.str_('F_gwfc5h'): 's1'},1,1,1,0.822652747637695,0.527958299954658,2,2,7,4,1,,,False,False,False,False,0.294694447683037,0.558177507027253,,,,2025-11-02
4,confusing,1,50,0,19,8,0.421052631578947,5.75,8,23,[np.str_('O_nhaatt')],['s1'],"{np.str_('A_dcka33'): 's0', np.str_('G_u5vagt'): 's0'}",1,2,1,0.819790813515704,0.664061871501707,5,6,5.5,4,1,,1,False,False,False,True,0.155728942013997,0.234509687571478,0.7541,"Final Answer: P(O_nhaatt=s1 | A_dcka33=s0, G_u5vagt=s0) = 0.7541",openai/o3-mini-high,2025-11-02
4,confusing,1,50,0,19,8,0.421052631578947,5.75,8,25,[np.str_('A_dcka33')],['s1'],{np.str_('O_nhaatt'): 's0'},1,1,1,0.567735827382731,0.436145583117643,5,6,4,7,1,,,False,True,False,False,0.131590244265088,0.301711743414797,,,,2025-11-02
4,confusing,1,50,0,19,8,0.421052631578947,5.75,8,28,[np.str_('P_eo9210')],['s1'],"{np.str_('F_gwfc5h'): 's0', np.str_('C_p490cm'): 's1'}",1,2,1,0.270710487946143,0.527958299954658,,,5,4,1,,1,False,False,False,False,0.257247812008514,-0.48725024690512,,,,2025-11-02
4,confusing,1,50,0,19,8,0.421052631578947,5.75,8,29,"[np.str_('C_p490cm'), np.str_('F_gwfc5h')]","['s0', 's0']",{np.str_('Q_6l74eg'): 's0'},1,1,2,0.507762995675253,0.396062557498875,2,2,5,5,1,1,,True,False,False,False,0.111700438176378,0.282027260748311,,,,2025-11-02
4,confusing,0.5,51,0,19,8,0.421052631578947,5.75,9,1,"[np.str_('F_gwfc5h'), np.str_('A_l40h2y')]","['s0', 's1']","{np.str_('P_eo9210'): 's1', np.str_('A_dcka33'): 's1'}",1,2,2,0.0106007747701847,0.29772975098702,5,5,5.5,5.5,1,1,1,False,False,False,False,0.287128976216835,-0.964394640659721,,,,2025-11-02
4,confusing,0.5,51,0,19,8,0.421052631578947,5.75,9,4,[np.str_('A_dcka33')],['s1'],"{np.str_('G_u5vagt'): 's0', np.str_('C_p490cm'): 's1'}",1,2,1,0.101504780514649,0.657882665922806,5,5,3.5,7,1,,1,False,False,False,False,0.556377885408158,-0.845709902734299,0.3661,"Final Answer: P(A_dcka33=s1 | G_u5vagt=s0, C_p490cm=s1) = 0.3661",openai/o3-mini-high,2025-11-02
4,confusing,0.5,51,0,19,8,0.421052631578947,5.75,9,5,"[np.str_('C_p490cm'), np.str_('P_eo9210')]","['s0', 's0']",{np.str_('A_dcka33'): 's0'},1,1,2,0.417557361379124,0.297092443419685,5,4,7,3.5,1,2,,False,False,False,False,0.120464917959439,0.405479575895053,,,,2025-11-02
4,confusing,0.5,51,0,19,8,0.421052631578947,5.75,9,9,"[np.str_('F_gwfc5h'), np.str_('C_p490cm')]","['s0', 's0']","{np.str_('A_dcka33'): 's0', np.str_('A_l40h2y'): 's1'}",1,2,2,0.476925201800844,0.181943794819381,5,5,5.5,5,1,1,1,False,False,False,False,0.294981406981463,1.62127764386961,,,,2025-11-02
4,confusing,0.5,51,0,19,8,0.421052631578947,5.75,9,17,[np.str_('O_nhaatt')],['s1'],"{np.str_('A_l40h2y'): 's1', np.str_('A_dcka33'): 's0'}",1,2,1,0.776755050936073,0.568261663004337,5,7,5.5,4,1,,1,False,False,False,True,0.208493387931736,0.366896803893922,,,,2025-11-02
4,confusing,0.5,51,0,19,8,0.421052631578947,5.75,9,18,"[np.str_('A_l40h2y'), np.str_('P_eo9210')]","['s0', 's1']","{np.str_('Q_6l74eg'): 's1', np.str_('G_u5vagt'): 's0'}",1,2,2,0.0065736869335126,0.200943457831887,5,5,4.5,4,1,1,2,False,False,False,False,0.194369770898374,-0.967285887261817,,,,2025-11-02
4,confusing,0.5,51,0,19,8,0.421052631578947,5.75,9,19,"[np.str_('C_p490cm'), np.str_('A_dcka33')]","['s1', 's0']","{np.str_('O_nhaatt'): 's1', np.str_('G_u5vagt'): 's0'}",1,2,2,0.326734583604104,0.15806203171413,5,5,4,5,1,1,1,False,False,False,False,0.168672551889974,1.06712883581703,,,,2025-11-02
4,confusing,0.5,51,0,19,8,0.421052631578947,5.75,9,20,"[np.str_('A_dcka33'), np.str_('F_gwfc5h')]","['s1', 's0']","{np.str_('G_u5vagt'): 's0', np.str_('C_p490cm'): 's0'}",1,2,2,0.003031745060857,0.325037567451361,5,4,3.5,7,1,1,1,False,False,False,False,0.322005822390504,-0.990672631829517,,,,2025-11-02
4,confusing,0.5,51,0,19,8,0.421052631578947,5.75,9,22,"[np.str_('C_p490cm'), np.str_('G_u5vagt')]","['s1', 's1']","{np.str_('O_nhaatt'): 's1', np.str_('F_gwfc5h'): 's1'}",1,2,2,0.655686490955818,0.538118981806105,5,5,5.5,3.5,1,1,1,False,False,False,False,0.117567509149713,0.218478650864754,0.3337,"Final Answer: P(C_p490cm=s1, G_u5vagt=s1 | O_nhaatt=s1, F_gwfc5h=s1) = 0.3337",openai/o3-mini-high,2025-11-02
4,confusing,0.5,51,0,19,8,0.421052631578947,5.75,9,23,"[np.str_('O_nhaatt'), np.str_('G_u5vagt')]","['s1', 's0']","{np.str_('A_l40h2y'): 's1', np.str_('A_dcka33'): 's0'}",1,2,2,0.308991668014852,0.16004511379519,5,6,5.5,4,1,1,1,False,False,False,False,0.148946554219662,0.930653555660993,,,,2025-11-02
4,confusing,0.5,51,0,19,8,0.421052631578947,5.75,9,24,"[np.str_('G_u5vagt'), np.str_('A_dcka33')]","['s1', 's1']","{np.str_('P_eo9210'): 's0', np.str_('F_gwfc5h'): 's1'}",1,2,2,0.440693079572959,0.5449315272279,5,4,5.5,5.5,1,1,1,False,False,False,False,0.10423844765494,-0.191287239674327,,,,2025-11-02
6,confusing,1,52,0,25,8,0.32,6.75,10,5,[np.str_('X_6fl199')],['s0'],"{np.str_('G_zwp5v0'): 's0', np.str_('W_mwhhu8'): 's0'}",1,2,1,0.535009259304647,0.34829688235893,5,5,6.5,5,1,,1,False,False,True,False,0.186712376945717,0.536072489886099,,,,2025-11-02
6,confusing,1,52,0,25,8,0.32,6.75,10,8,[np.str_('G_zwp5v0')],['s0'],"{np.str_('W_zz5knb'): 's0', np.str_('V_oukabs'): 's0'}",1,2,1,0.63891308111127,0.456723182796004,6,7,6.5,6,1,,1,False,False,False,False,0.182189898315266,0.398906613848505,0.4593,"Final Answer: P(G_zwp5v0=s0 | W_zz5knb=s0, V_oukabs=s0) = 0.4593",openai/o3-mini-high,2025-11-02
6,confusing,1,52,0,25,8,0.32,6.75,10,9,[np.str_('W_mwhhu8')],['s0'],"{np.str_('A_04jxrk'): 's0', np.str_('W_zz5knb'): 's1'}",1,2,1,0.767946480506523,0.666258325498959,6,7,6,7,1,,1,False,False,False,False,0.101688155007563,0.152625717556939,,,,2025-11-02
6,confusing,1,52,0,25,8,0.32,6.75,10,13,[np.str_('G_zwp5v0')],['s0'],"{np.str_('A_04jxrk'): 's1', np.str_('W_mwhhu8'): 's0'}",1,2,1,0.801029733022003,0.456723182796004,5,6,6.5,6,1,,1,False,False,False,False,0.344306550225999,0.753862652905412,,,,2025-11-02
6,confusing,1,52,0,25,8,0.32,6.75,10,19,"[np.str_('B_97fqlp'), np.str_('V_2lnxw2')]","['s1', 's0']","{np.str_('G_zwp5v0'): 's0', np.str_('W_zz5knb'): 's1'}",1,2,2,0.429963926796144,0.610320916096429,6,6,6,6.5,1,1,2,False,False,False,False,0.180356989300285,-0.295511729229003,0.0812,"Final Answer: P(B_97fqlp=s1, V_2lnxw2=s0 | G_zwp5v0=s0, W_zz5knb=s1) = 0.0812",openai/o3-mini-high,2025-11-02
6,confusing,1,52,0,25,8,0.32,6.75,10,23,[np.str_('W_mwhhu8')],['s1'],"{np.str_('X_6fl199'): 's1', np.str_('G_zwp5v0'): 's0'}",1,2,1,0.583136756329365,0.333741674501041,5,5,5.5,7,1,,1,False,False,False,False,0.249395081828324,0.747269822389371,,,,2025-11-02
6,confusing,1,52,0,25,8,0.32,6.75,10,25,[np.str_('G_zwp5v0')],['s1'],"{np.str_('W_zz5knb'): 's0', np.str_('V_oukabs'): 's0'}",1,2,1,0.36108691888873,0.543276817203996,6,7,6.5,6,1,,1,False,False,False,False,0.182189898315266,-0.335353713881841,,,,2025-11-02
6,confusing,1,52,0,25,8,0.32,6.75,10,26,"[np.str_('A_04jxrk'), np.str_('B_97fqlp')]","['s0', 's0']","{np.str_('V_2lnxw2'): 's0', np.str_('V_oukabs'): 's0'}",1,2,2,0.434385075951624,0.31689533793118,5,5,6.5,6.5,1,1,1,False,False,False,False,0.117489738020444,0.370752497614716,,,,2025-11-02
6,confusing,1,52,0,25,8,0.32,6.75,10,28,"[np.str_('W_zz5knb'), np.str_('A_04jxrk')]","['s1', 's0']","{np.str_('V_2lnxw2'): 's1', np.str_('X_6fl199'): 's0'}",1,2,2,0.193093033958478,0.421581673696845,6,6,5.5,6,1,1,2,True,False,False,False,0.228488639738367,-0.541979535625333,,,,2025-11-02
6,confusing,1,52,0,25,8,0.32,6.75,10,29,"[np.str_('B_97fqlp'), np.str_('W_mwhhu8')]","['s1', 's0']","{np.str_('V_oukabs'): 's0', np.str_('W_zz5knb'): 's1'}",1,2,2,0.0876988220389122,0.491233101469716,6,6,6.5,7,1,1,1,False,False,False,False,0.403534279430804,-0.821472083667556,,,,2025-11-02
6,confusing,0.5,53,0,25,8,0.32,6.75,11,4,"[np.str_('B_97fqlp'), np.str_('V_oukabs')]","['s0', 's1']",{np.str_('A_04jxrk'): 's1'},1,1,2,0.307572764735635,0.514217297064207,5,5,6,7,1,1,,False,False,False,False,0.206644532328573,-0.401862274000422,,,,2025-11-02
6,confusing,0.5,53,0,25,8,0.32,6.75,11,6,[np.str_('G_zwp5v0')],['s0'],"{np.str_('V_oukabs'): 's0', np.str_('W_zz5knb'): 's1'}",1,2,1,0.427725741594007,0.729808420845892,6,7,6.5,6,1,,1,False,False,False,False,0.302082679251885,-0.413920517526713,,,,2025-11-02
6,confusing,0.5,53,0,25,8,0.32,6.75,11,11,[np.str_('W_zz5knb')],['s0'],"{np.str_('W_mwhhu8'): 's1', np.str_('X_6fl199'): 's1'}",1,2,1,0.463097798908336,0.70989557101662,6,7,6,6,1,,1,False,False,False,True,0.246797772108283,-0.347653629892143,,,,2025-11-02
6,confusing,0.5,53,0,25,8,0.32,6.75,11,28,[np.str_('W_zz5knb')],['s1'],{np.str_('A_04jxrk'): 's0'},1,1,1,0.136494536520036,0.29010442898338,6,7,6,6,1,,,False,False,False,True,0.153609892463344,-0.529498611936547,,,,2025-11-02
6,confusing,0.5,53,0,25,8,0.32,6.75,11,29,"[np.str_('B_97fqlp'), np.str_('G_zwp5v0')]","['s0', 's0']","{np.str_('V_2lnxw2'): 's1', np.str_('V_oukabs'): 's1'}",1,2,2,0.723607389911275,0.60123261049668,5,4,6.5,6.5,1,1,1,False,False,False,False,0.122374779414595,0.203539823486122,,,,2025-11-02
3,confusing,1,54,0,13,10,0.769230769230769,4,12,0,"[np.str_('V_bmn1mc'), np.str_('C_nyc9mz')]","['s1', 's1']",{np.str_('I_todfit'): 's0'},1,1,2,0.0756749612762106,0.229539300316812,1,3,3,2.5,1,2,,True,False,False,False,0.153864339040602,-0.670318062433042,,,,2025-11-02
3,confusing,1,54,0,13,10,0.769230769230769,4,12,2,[np.str_('P_zzd2v4')],['s1'],{np.str_('Y_hrjgen'): 's0'},1,1,1,0.684572885803919,0.384428684201149,3,4,2,4,1,,,True,False,False,False,0.300144201602769,0.780753918575237,,,,2025-11-02
3,confusing,1,54,0,13,10,0.769230769230769,4,12,3,"[np.str_('L_qp2sqb'), np.str_('U_vmoe1t')]","['s1', 's1']","{np.str_('I_todfit'): 's1', np.str_('P_zzd2v4'): 's1'}",1,2,2,0.469409240410561,0.278572503866754,4,8,3.5,3,1,3,1,False,False,False,True,0.190836736543808,0.68505230737018,,,,2025-11-02
3,confusing,1,54,0,13,10,0.769230769230769,4,12,6,"[np.str_('I_todfit'), np.str_('P_zzd2v4')]","['s1', 's1']",{np.str_('U_vmoe1t'): 's0'},1,1,2,0.033989341715608,0.352304335513615,3,6,3,3.5,1,1,,False,True,False,False,0.318314993798007,-0.903522783317282,,,,2025-11-02
3,confusing,1,54,0,13,10,0.769230769230769,4,12,17,[np.str_('Y_hrjgen')],['s1'],{np.str_('S_l0yhsh'): 's1'},1,1,1,0.715741241161294,0.542105435780015,1,1,3,2,1,,,False,False,True,False,0.173635805381279,0.320298956477794,,,,2025-11-02
3,confusing,1,54,0,13,10,0.769230769230769,4,12,18,[np.str_('U_vmoe1t')],['s0'],"{np.str_('P_zzd2v4'): 's1', np.str_('P_fcpx7a'): 's0'}",1,2,1,0.0482909002062737,0.4416964016025,3,7,2.5,3,1,,3,False,False,False,True,0.393405501396227,-0.890669473350764,,,,2025-11-02
3,confusing,0.5,55,0,13,10,0.769230769230769,4,13,19,[np.str_('L_qp2sqb')],['s1'],"{np.str_('Y_hrjgen'): 's0', np.str_('P_zzd2v4'): 's1'}",2,2,1,0.475920246957131,0.844754408817095,3,6,3,3,2,,1,False,False,False,True,0.368834161859963,-0.43661703095038,,,,2025-11-02
3,confusing,0.5,55,0,13,10,0.769230769230769,4,13,23,[np.str_('L_qp2sqb')],['s0'],{np.str_('I_todfit'): 's1'},2,1,1,0.337263250539014,0.155245591182905,3,5,3,3,2,,,True,False,False,True,0.182017659356109,1.17244978082284,,,,2025-11-02
4,confusing,1,56,0,21,10,0.476190476190476,7.8,14,2,[np.str_('D_vyqi2q')],['s0'],"{np.str_('V_pa8oxw'): 's1', np.str_('E_0ymclq'): 's1'}",1,2,1,0.546617516498194,0.444081158805374,6,7,4,6,1,,2,True,False,False,True,0.10253635769282,0.230895537132568,,,,2025-11-02
4,confusing,1,56,0,21,10,0.476190476190476,7.8,14,11,"[np.str_('B_qnu6i3'), np.str_('S_b55d86')]","['s1', 's0']",{np.str_('V_pa8oxw'): 's1'},1,1,2,0.0106368250763943,0.305579774901158,3,2,4,4,1,1,,True,False,False,False,0.294942949824764,-0.965191331527635,,,,2025-11-02
4,confusing,1,56,0,21,10,0.476190476190476,7.8,14,22,"[np.str_('P_2ztfck'), np.str_('W_4op6rl')]","['s0', 's0']","{np.str_('B_qnu6i3'): 's1', np.str_('J_4365bq'): 's1'}",1,2,2,0.18518342563801,0.335550500132296,6,7,5,2.5,1,2,2,False,False,False,False,0.150367074494285,-0.448120549470202,,,,2025-11-02
4,confusing,0.5,57,0,21,10,0.476190476190476,7.8,15,1,"[np.str_('W_4op6rl'), np.str_('R_3o4z3k')]","['s0', 's1']",{np.str_('P_2ztfck'): 's0'},1,1,2,0.709736831921056,0.584410531518974,3,4,2,4,1,2,,True,False,False,False,0.125326300402082,0.214449079273672,,,,2025-11-02
4,confusing,0.5,57,0,21,10,0.476190476190476,7.8,15,2,"[np.str_('D_vyqi2q'), np.str_('R_3o4z3k')]","['s1', 's0']",{np.str_('V_pa8oxw'): 's1'},1,1,2,0.521129037774615,0.204144414287167,6,6,4,5.5,1,1,,True,False,False,False,0.316984623487448,1.5527469835229,,,,2025-11-02
4,confusing,0.5,57,0,21,10,0.476190476190476,7.8,15,3,[np.str_('R_3o4z3k')],['s0'],"{np.str_('E_0ymclq'): 's0', np.str_('S_b55d86'): 's1'}",1,2,1,0.455411535576387,0.346626327658026,3,6,4,5,1,,2,False,False,False,False,0.108785207918361,0.31384000359513,,,,2025-11-02
4,confusing,0.5,57,0,21,10,0.476190476190476,7.8,15,5,[np.str_('B_qnu6i3')],['s0'],{np.str_('J_4365bq'): 's1'},2,1,1,0.48867346139054,0.641827714578373,6,8,6,4,2,,,False,True,False,False,0.153154253187833,-0.238622062757827,,,,2025-11-02
4,confusing,0.5,57,0,21,10,0.476190476190476,7.8,15,8,[np.str_('R_3o4z3k')],['s1'],"{np.str_('P_2ztfck'): 's1', np.str_('D_vyqi2q'): 's0'}",1,2,1,0.549640733411162,0.653373672341974,6,7,4,5,1,,2,False,False,False,False,0.103732938930812,-0.158765103832526,,,,2025-11-02
4,confusing,0.5,57,0,21,10,0.476190476190476,7.8,15,15,"[np.str_('D_vyqi2q'), np.str_('R_3o4z3k')]","['s1', 's1']",{np.str_('E_0ymclq'): 's1'},1,1,2,0.362797178645695,0.477789846623816,6,6,4,5.5,1,1,,True,False,False,False,0.114992667978121,-0.2406762487539,0.3627,"Final Answer: P(D_vyqi2q=s1, R_3o4z3k=s1 | E_0ymclq=s1) = 0.3627",openai/o3-mini-high,2025-11-02
4,confusing,0.5,57,0,21,10,0.476190476190476,7.8,15,23,[np.str_('B_qnu6i3')],['s0'],{np.str_('R_3o4z3k'): 's0'},1,1,1,0.276352859766119,0.641827714578373,3,4,5,4,1,,,False,False,False,False,0.365474854812255,-0.569428285053631,,,,2025-11-02
4,confusing,0.5,57,0,21,10,0.476190476190476,7.8,15,25,"[np.str_('B_qnu6i3'), np.str_('D_vyqi2q')]","['s1', 's0']","{np.str_('R_3o4z3k'): 's0', np.str_('S_b55d86'): 's0'}",1,2,2,0.546734337587897,0.126226715423759,6,7,4.5,5,1,1,2,False,False,False,False,0.420507622164138,3.33136785467672,,,,2025-11-02
4,confusing,0.5,57,0,21,10,0.476190476190476,7.8,15,26,[np.str_('S_b55d86')],['s0'],"{np.str_('V_7zk528'): 's1', np.str_('V_pa8oxw'): 's1'}",1,2,1,0.0354733293141807,0.30097555323331,3,3,4,4,1,,1,False,False,False,False,0.265502223919129,-0.88213883508777,,,,2025-11-02
4,confusing,0.5,57,0,21,10,0.476190476190476,7.8,15,27,[np.str_('E_0ymclq')],['s0'],{np.str_('R_3o4z3k'): 's1'},1,1,1,0.660197868174639,0.774423966414583,3,4,5,4,1,,,False,False,True,False,0.114226098239944,-0.147498144677503,,,,2025-11-02
4,confusing,0.5,57,0,21,10,0.476190476190476,7.8,15,29,[np.str_('E_0ymclq')],['s0'],"{np.str_('D_vyqi2q'): 's0', np.str_('R_3o4z3k'): 's1'}",1,2,1,0.201638205500182,0.774423966414583,6,7,5.5,4,1,,1,False,False,True,False,0.572785760914401,-0.73962814395618,,,,2025-11-02
6,confusing,1,58,0,28,10,0.357142857142857,7.4,16,2,[np.str_('U_z70auc')],['s0'],"{np.str_('J_k2x6vl'): 's1', np.str_('R_z8nlbs'): 's0'}",1,2,1,0.663147346560027,0.480612672312978,5,7,4.5,6,1,,1,False,False,True,False,0.182534674247048,0.379795799741586,,,,2025-11-02
6,confusing,1,58,0,28,10,0.357142857142857,7.4,16,6,"[np.str_('R_z8nlbs'), np.str_('A_d80c9d')]","['s1', 's1']",{np.str_('A_ntw91b'): 's0'},1,1,2,0.289198706178692,0.185193092719831,3,4,4,5.5,1,1,,False,False,False,False,0.10400561345886,0.561606331701609,,,,2025-11-02
6,confusing,1,58,0,28,10,0.357142857142857,7.4,16,10,[np.str_('U_z70auc')],['s0'],"{np.str_('A_d9mi34'): 's1', np.str_('A_ntw91b'): 's0'}",1,2,1,0.332804155447177,0.480612672312978,3,4,5.5,6,1,,1,False,False,True,False,0.147808516865802,-0.307541863501984,,,,2025-11-02
6,confusing,1,58,0,28,10,0.357142857142857,7.4,16,20,"[np.str_('A_d80c9d'), np.str_('J_k2x6vl')]","['s0', 's0']","{np.str_('U_z70auc'): 's1', np.str_('H_5tdpwz'): 's1'}",1,2,2,0.371930387858906,0.257538917343693,6,8,5.5,6,1,2,1,False,False,False,False,0.114391470515213,0.444171590434057,,,,2025-11-02
6,confusing,1,58,0,28,10,0.357142857142857,7.4,16,24,[np.str_('A_zy79xx')],['s1'],"{np.str_('U_z70auc'): 's0', np.str_('D_6xzov9'): 's0'}",1,2,1,0.129338653866652,0.385364566953088,4,4,5.5,7,1,,2,True,False,False,False,0.256025913086436,-0.664373258576217,,,,2025-11-02
6,confusing,0.5,59,0,28,10,0.357142857142857,7.4,17,0,"[np.str_('E_c9xjfs'), np.str_('R_z8nlbs')]","['s0', 's1']","{np.str_('H_5tdpwz'): 's0', np.str_('A_d80c9d'): 's1'}",1,2,2,0.830297439306958,0.206757926376412,5,7,6,5,1,2,2,False,False,False,False,0.623539512930546,3.01579496302049,,,,2025-11-02
6,confusing,0.5,59,0,28,10,0.357142857142857,7.4,17,7,"[np.str_('H_5tdpwz'), np.str_('J_k2x6vl')]","['s0', 's0']","{np.str_('A_ntw91b'): 's1', np.str_('A_zy79xx'): 's0'}",1,2,2,0.802795620915889,0.200942949364026,7,8,5.5,5,1,2,2,False,False,False,True,0.601852671551863,2.9951420214379,,,,2025-11-02
6,confusing,0.5,59,0,28,10,0.357142857142857,7.4,17,17,"[np.str_('A_ntw91b'), np.str_('J_k2x6vl')]","['s1', 's1']","{np.str_('R_z8nlbs'): 's1', np.str_('A_d9mi34'): 's0'}",1,2,2,0.0271822737891107,0.689001282231391,5,6,5.5,4.5,1,1,2,False,False,False,False,0.66181900844228,-0.960548297238173,,,,2025-11-02
6,confusing,0.5,59,0,28,10,0.357142857142857,7.4,17,18,[np.str_('R_z8nlbs')],['s0'],"{np.str_('D_6xzov9'): 's1', np.str_('U_z70auc'): 's0'}",1,2,1,0.910354449875996,0.225033899620839,3,4,5.5,4,1,,2,True,False,False,False,0.685320550255157,3.04541027556229,,,,2025-11-02
6,confusing,0.5,59,0,28,10,0.357142857142857,7.4,17,19,[np.str_('H_5tdpwz')],['s1'],{np.str_('A_d80c9d'): 's1'},2,1,1,0.200894075569468,0.482259432973928,5,8,7,5,2,,,False,False,False,True,0.28136535740446,-0.583431527029708,,,,2025-11-02
6,confusing,0.5,59,0,28,10,0.357142857142857,7.4,17,26,"[np.str_('A_d80c9d'), np.str_('E_c9xjfs')]","['s1', 's1']",{np.str_('U_z70auc'): 's1'},1,1,2,0.59411704130013,0.0591870391133161,5,5,6,6.5,1,1,,True,False,False,False,0.534930002186814,9.03795848213774,,,,2025-11-02
3,confusing,1,60,0,16,12,0.75,4.16666666666667,18,0,"[np.str_('G_11c8yk'), np.str_('I_qryczh')]","['s1', 's1']","{np.str_('Z_r87x8d'): 's1', np.str_('M_60d6wp'): 's1'}",1,2,2,0.382673058435522,0.15682035821616,5,9,1.5,2,1,5,2,True,False,False,True,0.225852700219361,1.44020012955236,,,,2025-11-02
3,confusing,1,60,0,16,12,0.75,4.16666666666667,18,13,[np.str_('Z_4v361k')],['s1'],{np.str_('C_h5ju5q'): 's1'},1,1,1,0.754595092817963,0.54711207718069,4,4,5,3,1,,,False,False,True,False,0.207483015637273,0.379233111991329,,,,2025-11-02
3,confusing,1,60,0,16,12,0.75,4.16666666666667,18,19,[np.str_('X_fb1gu5')],['s0'],"{np.str_('Z_4v361k'): 's1', np.str_('Z_r87x8d'): 's0'}",1,2,1,0.689730707853215,0.580767313787093,2,4,2,3,1,,2,True,False,False,False,0.108963394066122,0.187619708408844,,,,2025-11-02
3,confusing,0.5,61,0,16,12,0.75,4.16666666666667,19,1,"[np.str_('C_h5ju5q'), np.str_('X_fb1gu5')]","['s0', 's0']","{np.str_('G_11c8yk'): 's1', np.str_('Z_4v361k'): 's1'}",1,2,2,0.319948353791073,0.0023333000115289,5,8,3,4,1,2,3,False,False,False,False,0.317615053779544,136.122681271241,,,,2025-11-02
3,confusing,0.5,61,0,16,12,0.75,4.16666666666667,19,20,[np.str_('L_u8nlyj')],['s1'],"{np.str_('X_fb1gu5'): 's0', np.str_('N_bgkp9i'): 's0'}",1,2,1,0.0075883430526038,0.492072016405913,1,2,3.5,1,1,,2,False,False,False,True,0.484483673353309,-0.984578795786785,0.0076,"Final Answer: P(L_u8nlyj=s1 | X_fb1gu5=s0, N_bgkp9i=s0) = 0.0076",openai/o3-mini-high,2025-11-02
3,confusing,0.5,61,0,16,12,0.75,4.16666666666667,19,23,"[np.str_('N_bgkp9i'), np.str_('I_qryczh')]","['s0', 's1']","{np.str_('M_60d6wp'): 's1', np.str_('L_u8nlyj'): 's1'}",1,2,2,0.0053288423380287,0.345552932465702,3,5,1.5,2.5,1,3,3,False,False,False,False,0.340224090127673,-0.984578795786785,,,,2025-11-02
4,confusing,1,62,0,19,12,0.631578947368421,5,20,18,[np.str_('F_4utadi')],['s0'],"{np.str_('S_yrjlr4'): 's1', np.str_('H_xlveiq'): 's0'}",1,2,1,0.44064134240536,0.572882220557144,4,7,3.5,5,1,,3,False,False,False,False,0.132240878151784,-0.230834320574962,,,,2025-11-02
4,confusing,1,62,0,19,12,0.631578947368421,5,20,24,[np.str_('H_xlveiq')],['s0'],"{np.str_('T_bprvfu'): 's0', np.str_('F_4utadi'): 's1'}",1,2,1,0.746457813966882,0.567274278466069,4,9,4,4,1,,1,False,False,False,False,0.179183535500813,0.315867548208481,,,,2025-11-02
4,confusing,1,62,0,19,12,0.631578947368421,5,20,25,"[np.str_('B_mr79ih'), np.str_('E_dyk88p')]","['s0', 's1']","{np.str_('W_5ec2p4'): 's1', np.str_('S_yrjlr4'): 's1'}",1,2,2,0.180317322229078,0.297520141249323,4,8,3,2.5,1,2,2,False,False,False,False,0.117202819020245,-0.393932385646551,,,,2025-11-02
4,confusing,0.5,63,0,19,12,0.631578947368421,5,21,5,[np.str_('W_5ec2p4')],['s0'],{np.str_('N_73jbak'): 's0'},3,1,1,0.714635781388922,0.528203293755183,4,7,2,3,3,,,True,False,False,False,0.186432487633739,0.352955935409498,,,,2025-11-02
4,confusing,0.5,63,0,19,12,0.631578947368421,5,21,8,[np.str_('S_yrjlr4')],['s0'],{np.str_('T_bprvfu'): 's0'},1,1,1,0.793130883809016,0.914614973378945,5,9,3,3,1,,,False,True,True,False,0.121484089569929,-0.132825388940572,0.809,Final Answer: P(S_yrjlr4=s0 | T_bprvfu=s0) = 0.8090,openai/o3-mini-high,2025-11-02
4,confusing,0.5,63,0,19,12,0.631578947368421,5,21,17,[np.str_('H_xlveiq')],['s0'],"{np.str_('U_9q13tj'): 's0', np.str_('T_4vioan'): 's0'}",1,2,1,0.0418155639267891,0.796646238769554,3,5,3,4,1,,2,True,False,False,False,0.754830674842765,-0.947510498522688,,,,2025-11-02
4,confusing,0.5,63,0,19,12,0.631578947368421,5,21,18,"[np.str_('E_dyk88p'), np.str_('F_4utadi')]","['s1', 's0']",{np.str_('W_8x79af'): 's0'},2,1,2,0.234052189075624,0.528836763244861,4,7,4,3.5,2,3,,False,False,False,False,0.294784574169237,-0.557420729149926,,,,2025-11-02
4,confusing,0.5,63,0,19,12,0.631578947368421,5,21,19,"[np.str_('T_4vioan'), np.str_('E_dyk88p')]","['s0', 's1']","{np.str_('B_mr79ih'): 's0', np.str_('F_4utadi'): 's0'}",2,2,2,0.0170337459949584,0.172831794062535,5,7,4,2.5,2,4,1,False,False,False,False,0.155798048067576,-0.901443214847407,,,,2025-11-02
4,confusing,0.5,63,0,19,12,0.631578947368421,5,21,28,[np.str_('W_8x79af')],['s0'],"{np.str_('U_9q13tj'): 's1', np.str_('B_mr79ih'): 's0'}",1,2,1,0.197932694640385,0.0191575045695362,,,3,4,1,,2,False,False,False,False,0.178775190070849,9.3318620607369,,,,2025-11-02
4,confusing,0.5,63,0,19,12,0.631578947368421,5,21,29,"[np.str_('W_0d44kc'), np.str_('E_dyk88p')]","['s1', 's1']","{np.str_('S_yrjlr4'): 's1', np.str_('N_73jbak'): 's1'}",1,2,2,0.606726279082682,0.309535586421409,4,6,2.5,2.5,1,2,2,True,False,False,True,0.297190692661272,0.960118014529903,,,,2025-11-02
5,confusing,1,64,0,28,12,0.428571428571429,8,22,1,[np.str_('V_8vp9h7')],['s0'],"{np.str_('M_6kzogs'): 's0', np.str_('L_96iiqy'): 's0'}",1,2,1,0.920290832765078,0.599644678782701,7,9,5.5,5,1,,2,False,False,False,False,0.320646153982377,0.53472692300597,,,,2025-11-02
5,confusing,1,64,0,28,12,0.428571428571429,8,22,4,[np.str_('L_96iiqy')],['s1'],{np.str_('E_v5k3i8'): 's1'},1,1,1,0.510079816405235,0.642261946489198,6,9,4,6,1,,,True,False,False,True,0.132182130083963,-0.205807195656712,,,,2025-11-02
5,confusing,1,64,0,28,12,0.428571428571429,8,22,5,"[np.str_('H_n0zho5'), np.str_('V_8vp9h7')]","['s1', 's1']",{np.str_('L_jzaez1'): 's0'},2,1,2,0.395833904878004,0.284952311855204,3,6,2,4.5,2,2,,False,True,False,False,0.1108815930228,0.389123331903844,,,,2025-11-02
5,confusing,1,64,0,28,12,0.428571428571429,8,22,6,[np.str_('M_6kzogs')],['s0'],"{np.str_('V_8vp9h7'): 's1', np.str_('Q_4cgup1'): 's1'}",1,2,1,0.097026387568499,0.342910903108487,3,4,4,5,1,,1,False,False,True,False,0.245884515539988,-0.717050736243861,,,,2025-11-02
5,confusing,1,64,0,28,12,0.428571428571429,8,22,21,"[np.str_('E_v5k3i8'), np.str_('M_6kzogs')]","['s1', 's0']",{np.str_('L_jzaez1'): 's1'},1,1,2,0.27076792831063,0.122344435149339,2,3,2,4.5,1,2,,False,True,True,False,0.148423493161291,1.2131609662517,,,,2025-11-02
5,confusing,1,64,0,28,12,0.428571428571429,8,22,22,"[np.str_('L_jzaez1'), np.str_('E_v5k3i8')]","['s0', 's0']","{np.str_('Q_4cgup1'): 's0', np.str_('M_6kzogs'): 's0'}",1,2,2,0.0444305558814558,0.371349897877109,3,4,4,3,1,3,2,True,False,False,False,0.326919341995653,-0.880353929985032,,,,2025-11-02
5,confusing,1,64,0,28,12,0.428571428571429,8,22,23,"[np.str_('M_6kzogs'), np.str_('M_3ay2se')]","['s1', 's0']",{np.str_('V_8vp9h7'): 's1'},1,1,2,0.677653356971106,0.468428803716158,3,5,5,5,1,1,,False,False,False,False,0.209224553254949,0.446651767771581,,,,2025-11-02
5,confusing,0.5,65,0,28,12,0.428571428571429,8,23,4,[np.str_('P_mosl03')],['s0'],{np.str_('L_jzaez1'): 's1'},2,1,1,0.260942914720714,0.41253770826324,2,4,2,6,2,,,False,True,False,False,0.151594793542526,-0.36746893800504,,,,2025-11-02
5,confusing,0.5,65,0,28,12,0.428571428571429,8,23,8,"[np.str_('C_jtgbnd'), np.str_('E_v5k3i8')]","['s0', 's1']","{np.str_('H_n0zho5'): 's1', np.str_('P_mosl03'): 's1'}",1,2,2,0.73436594886489,0.624430760436329,6,8,5,4.5,1,1,2,False,False,False,False,0.109935188428561,0.17605665094356,,,,2025-11-02
5,confusing,0.5,65,0,28,12,0.428571428571429,8,23,16,[np.str_('H_n0zho5')],['s0'],"{np.str_('P_mosl03'): 's0', np.str_('M_6kzogs'): 's1'}",1,2,1,0.987051500480899,0.342427416309384,,,5.5,4,1,,1,False,False,False,False,0.644624084171515,1.88251306253205,,,,2025-11-02
5,confusing,0.5,65,0,28,12,0.428571428571429,8,23,21,"[np.str_('V_8vp9h7'), np.str_('D_1iha51')]","['s0', 's1']","{np.str_('L_jzaez1'): 's1', np.str_('Q_4cgup1'): 's0'}",1,2,2,0.0378785880818996,0.278053206038093,3,5,2.5,5,1,2,3,False,False,False,False,0.240174617956194,-0.863772158495773,,,,2025-11-02
5,confusing,0.5,65,0,28,12,0.428571428571429,8,23,24,"[np.str_('C_jtgbnd'), np.str_('L_96iiqy')]","['s1', 's1']",{np.str_('P_mosl03'): 's0'},1,1,2,0.366826765715833,0.181467525893944,8,9,6,5.5,1,2,,False,False,False,True,0.185359239821889,1.02144578711135,,,,2025-11-02
5,confusing,0.5,65,0,28,12,0.428571428571429,8,23,25,"[np.str_('D_1iha51'), np.str_('L_jzaez1')]","['s0', 's0']",{np.str_('P_mosl03'): 's1'},1,1,2,0.723630216909797,0.504173052428727,2,3,6,3.5,1,1,,False,False,False,False,0.21945716448107,0.435281424550342,,,,2025-11-02
5,confusing,0.5,65,0,28,12,0.428571428571429,8,23,28,"[np.str_('E_v5k3i8'), np.str_('L_96iiqy')]","['s1', 's0']","{np.str_('L_jzaez1'): 's0', np.str_('M_3ay2se'): 's1'}",1,2,2,0.375775824099277,0.613673769413869,6,9,3.5,5,1,1,2,False,False,False,False,0.237897945314592,-0.387661909587259,,,,2025-11-02
5,confusing,0.5,65,0,28,12,0.428571428571429,8,23,29,[np.str_('P_mosl03')],['s1'],{np.str_('E_v5k3i8'): 's0'},1,1,1,0.375728986549072,0.58746229173676,2,2,4,6,1,,,True,False,False,False,0.211733305187688,-0.360420248526463,,,,2025-11-02
3,confusing,1,66,0,21,15,0.714285714285714,3.86666666666667,24,4,[np.str_('E_mluyxo')],['s1'],"{np.str_('I_x9d51b'): 's0', np.str_('Z_4wk5gk'): 's1'}",1,2,1,0.188323376562248,0.34293645088571,2,5,2.5,4,1,,3,False,False,False,False,0.154613074323461,-0.450850511586443,,,,2025-11-02
3,confusing,1,66,0,21,15,0.714285714285714,3.86666666666667,24,13,"[np.str_('I_x9d51b'), np.str_('M_oqwcdv')]","['s0', 's1']",{np.str_('Q_n31l50'): 's0'},2,1,2,0.0746262937619208,0.227090203737307,,,4,3,2,1,,False,False,False,False,0.152463909975386,-0.671380391871739,,,,2025-11-02
3,confusing,1,66,0,21,15,0.714285714285714,3.86666666666667,24,20,"[np.str_('M_oqwcdv'), np.str_('I_x9d51b')]","['s1', 's0']","{np.str_('M_j2m8h9'): 's0', np.str_('Z_4wk5gk'): 's0'}",1,2,2,0.419809526074502,0.227090203737307,3,7,2,3,1,1,4,False,False,False,False,0.192719322337195,0.84864656936117,,,,2025-11-02
3,confusing,1,66,0,21,15,0.714285714285714,3.86666666666667,24,25,"[np.str_('A_h44rw8'), np.str_('Q_n31l50')]","['s0', 's1']",{np.str_('C_28dcjw'): 's1'},2,1,2,0.0956811129417922,0.235849740802145,2,5,2,3,2,2,,False,True,False,False,0.140168627860353,-0.594313258024484,0.2358,"Final Answer: P(A_h44rw8=s0, Q_n31l50=s1 | C_28dcjw=s1) = 0.2358",openai/o3-mini-high,2025-11-02
3,confusing,0.5,67,0,21,15,0.714285714285714,3.86666666666667,25,0,"[np.str_('M_oqwcdv'), np.str_('C_28dcjw')]","['s0', 's1']","{np.str_('D_pynyh4'): 's1', np.str_('A_ox6gtq'): 's0'}",1,2,2,0.477356020981051,0.235053929142359,,,2.5,2.5,1,2,4,False,False,False,True,0.242302091838692,1.03083616905609,0.1632,"Final Answer: P(M_oqwcdv=s0, C_28dcjw=s1 | D_pynyh4=s1, A_ox6gtq=s0) = 0.1632",openai/o3-mini-high,2025-11-02
3,confusing,0.5,67,0,21,15,0.714285714285714,3.86666666666667,25,9,[np.str_('O_2bgl1k')],['s0'],"{np.str_('E_mluyxo'): 's0', np.str_('Q_n31l50'): 's0'}",1,2,1,0.671231415243696,0.777029911423572,4,5,4,5,1,,1,False,False,False,False,0.105798496179876,-0.136157559219369,,,,2025-11-02
3,confusing,0.5,67,0,21,15,0.714285714285714,3.86666666666667,25,10,[np.str_('O_2bgl1k')],['s0'],{np.str_('A_h44rw8'): 's0'},1,1,1,0.633019173174412,0.777029911423572,4,4,2,5,1,,,True,False,False,False,0.14401073824916,-0.185334870809957,,,,2025-11-02
3,confusing,0.5,67,0,21,15,0.714285714285714,3.86666666666667,25,12,"[np.str_('D_pynyh4'), np.str_('M_oqwcdv')]","['s1', 's1']",{np.str_('A_ox6gtq'): 's0'},1,1,2,0.306338998521474,0.579641998610028,,,4,2,1,3,,False,False,False,True,0.273303000088555,-0.471503101472859,,,,2025-11-02
3,confusing,0.5,67,0,21,15,0.714285714285714,3.86666666666667,25,21,[np.str_('Q_n31l50')],['s1'],"{np.str_('O_2bgl1k'): 's1', np.str_('C_bc0kor'): 's0'}",1,2,1,0.860406135754286,0.640932875428072,4,5,4.5,4,1,,1,False,False,False,False,0.219473260326214,0.342427840325136,0.571,"Final Answer: P(Q_n31l50=s1 | O_2bgl1k=s1, C_bc0kor=s0) = 0.5710",openai/o3-mini-high,2025-11-02
3,confusing,0.5,67,0,21,15,0.714285714285714,3.86666666666667,25,22,[np.str_('I_x9d51b')],['s1'],{np.str_('M_j2m8h9'): 's1'},1,1,1,0.882621320721573,0.299708179236164,2,4,2,3,1,,,True,False,False,False,0.582913141485409,1.94493571370331,,,,2025-11-02
4,confusing,1,68,0,20,15,0.75,4.26666666666667,26,1,"[np.str_('C_gtg4ou'), np.str_('I_0ihauf')]","['s1', 's1']",{np.str_('L_vo3gte'): 's0'},1,1,2,0.0685273311254344,0.197636864241891,6,12,3,3,1,3,,False,False,False,True,0.129109533116456,-0.653266452145472,,,,2025-11-02
4,confusing,1,68,0,20,15,0.75,4.26666666666667,26,5,[np.str_('S_k2yxup')],['s0'],"{np.str_('K_76ukd1'): 's1', np.str_('I_0ihauf'): 's1'}",2,2,1,0.448278682164396,0.281869455634261,4,10,4,2,2,,2,False,False,True,False,0.166409226530135,0.590376939408642,,,,2025-11-02
4,confusing,1,68,0,20,15,0.75,4.26666666666667,26,9,[np.str_('V_bjib0u')],['s1'],"{np.str_('L_xxnwa7'): 's0', np.str_('K_lupo8c'): 's1'}",1,2,1,0.808573893125715,0.691149063981831,,,2.5,1,1,,1,False,False,True,False,0.117424829143884,0.169897978979207,,,,2025-11-02
4,confusing,1,68,0,20,15,0.75,4.26666666666667,26,10,"[np.str_('T_mupdyz'), np.str_('L_vo3gte')]","['s1', 's0']","{np.str_('V_bjib0u'): 's1', np.str_('C_gtg4ou'): 's0'}",1,2,2,0.457068163020664,0.31671767762057,3,7,1.5,3,1,2,5,False,False,False,False,0.140350485400093,0.443140674857542,,,,2025-11-02
4,confusing,1,68,0,20,15,0.75,4.26666666666667,26,14,"[np.str_('L_xxnwa7'), np.str_('C_gtg4ou')]","['s0', 's0']","{np.str_('L_vak2xm'): 's0', np.str_('V_bjib0u'): 's0'}",1,2,2,0.21178556712997,0.316243637507871,3,9,2,2.5,1,4,3,True,False,False,False,0.104458070377901,-0.330308844159121,,,,2025-11-02
4,confusing,1,68,0,20,15,0.75,4.26666666666667,26,16,"[np.str_('C_gtg4ou'), np.str_('S_k2yxup')]","['s1', 's0']","{np.str_('O_3c3wje'): 's1', np.str_('W_mtt1il'): 's0'}",1,2,2,0.0361118291180848,0.181388389954557,4,8,4,2,1,3,2,False,False,False,False,0.145276560836472,-0.800914330144659,,,,2025-11-02
4,confusing,1,68,0,20,15,0.75,4.26666666666667,26,21,"[np.str_('C_gtg4ou'), np.str_('L_vak2xm')]","['s0', 's0']",{np.str_('S_k2yxup'): 's0'},3,1,2,0.284192090596992,0.423803992984656,3,6,2,2.5,3,2,,True,False,False,False,0.139611902387663,-0.329425641803045,,,,2025-11-02
4,confusing,0.5,69,0,20,15,0.75,4.26666666666667,27,6,[np.str_('L_vo3gte')],['s0'],{np.str_('W_mtt1il'): 's0'},1,1,1,0.393881915547936,0.572256933211562,,,4,3,1,,,False,False,False,False,0.178375017663625,-0.311704423854801,,,,2025-11-02
4,confusing,0.5,69,0,20,15,0.75,4.26666666666667,27,12,"[np.str_('Q_6lv5h0'), np.str_('L_vak2xm')]","['s0', 's0']","{np.str_('L_vo3gte'): 's1', np.str_('V_bjib0u'): 's0'}",1,2,2,0.96242248760191,0.609199516053938,2,4,2,2.5,1,4,4,False,False,True,False,0.353222971547972,0.579814924732635,,,,2025-11-02
4,confusing,0.5,69,0,20,15,0.75,4.26666666666667,27,22,[np.str_('L_vo3gte')],['s0'],{np.str_('K_lupo8c'): 's0'},2,1,1,0.686326674176544,0.572256933211562,2,4,2,3,2,,,False,False,False,False,0.114069740964982,0.199333086844071,,,,2025-11-02
6,confusing,1,70,0,35,15,0.428571428571429,7.46666666666667,28,4,[np.str_('G_0bb342')],['s0'],{np.str_('Q_8tnrgq'): 's0'},1,1,1,0.439064736253669,0.637585930413642,4,6,7,4,1,,,False,False,False,True,0.198521194159973,-0.311363825157151,,,,2025-11-02
6,confusing,1,70,0,35,15,0.428571428571429,7.46666666666667,28,16,[np.str_('F_l2jnxd')],['s0'],"{np.str_('G_kikw5i'): 's1', np.str_('V_0hemwa'): 's1'}",1,2,1,0.0461203014223153,0.47515135179912,6,12,4.5,5,1,,1,False,False,False,False,0.429031050376805,-0.902935556749055,,,,2025-11-02
6,confusing,1,70,0,35,15,0.428571428571429,7.46666666666667,28,18,"[np.str_('Q_8tnrgq'), np.str_('A_x7ubqp')]","['s0', 's1']","{np.str_('M_ervqwn'): 's1', np.str_('K_l39ox8'): 's0'}",1,2,2,0.121489615163815,0.284387068953237,3,6,4,7,1,2,2,False,False,False,False,0.162897453789422,-0.572801901257359,,,,2025-11-02
6,confusing,1,70,0,35,15,0.428571428571429,7.46666666666667,28,28,"[np.str_('K_l39ox8'), np.str_('V_0hemwa')]","['s0', 's1']","{np.str_('N_0fgz52'): 's1', np.str_('A_x7ubqp'): 's0'}",1,2,2,0.270737366492251,0.147110127137423,3,7,5,4.5,1,1,2,False,False,False,False,0.123627239354828,0.840372051608259,,,,2025-11-02
6,confusing,0.5,71,0,35,15,0.428571428571429,7.46666666666667,29,5,[np.str_('M_ervqwn')],['s1'],{np.str_('F_l2jnxd'): 's0'},2,1,1,0.623417737819071,0.484660607048197,3,10,5,4,2,,,False,False,False,False,0.138757130770874,0.28629752192151,0.7366,Final Answer: P(M_ervqwn=s1 | F_l2jnxd=s0) = 0.7366,openai/o3-mini-high,2025-11-02
6,confusing,0.5,71,0,35,15,0.428571428571429,7.46666666666667,29,6,[np.str_('J_n0v8pk')],['s1'],"{np.str_('I_3kpgtu'): 's0', np.str_('V_0hemwa'): 's0'}",1,2,1,0.0766849215589259,0.182274521614515,4,8,5,4,1,,1,False,False,False,False,0.105589600055589,-0.579288861220529,,,,2025-11-02
6,confusing,0.5,71,0,35,15,0.428571428571429,7.46666666666667,29,7,[np.str_('I_5vvxkp')],['s0'],{np.str_('K_l39ox8'): 's0'},2,1,1,0.337320306387433,0.106635182748513,2,5,4,5,2,,,False,False,False,False,0.230685123638921,2.16331156090355,,,,2025-11-02
6,confusing,0.5,71,0,35,15,0.428571428571429,7.46666666666667,29,8,[np.str_('H_wj4420')],['s1'],"{np.str_('G_0bb342'): 's0', np.str_('I_3kpgtu'): 's1'}",2,2,1,0.679724385828598,0.533633248177629,6,12,4.5,4,2,,2,False,False,False,False,0.146091137650969,0.273766932907337,,,,2025-11-02
6,confusing,0.5,71,0,35,15,0.428571428571429,7.46666666666667,29,19,"[np.str_('A_x7ubqp'), np.str_('M_ervqwn')]","['s1', 's0']",{np.str_('K_l39ox8'): 's0'},1,1,2,0.209805303405066,0.0576706059890224,3,6,4,5.5,1,2,,False,False,False,False,0.152134697416043,2.63799373713885,,,,2025-11-02
6,confusing,0.5,71,0,35,15,0.428571428571429,7.46666666666667,29,24,[np.str_('I_3kpgtu')],['s0'],"{np.str_('H_wj4420'): 's1', np.str_('J_n0v8pk'): 's1'}",1,2,1,0.230015065646358,0.788920719832064,4,11,4,5,1,,2,False,False,False,False,0.558905654185707,-0.708443370969747,,,,2025-11-02
6,confusing,0.5,71,0,35,15,0.428571428571429,7.46666666666667,29,25,"[np.str_('G_kikw5i'), np.str_('F_l2jnxd')]","['s0', 's0']","{np.str_('G_0bb342'): 's1', np.str_('O_wyavui'): 's0'}",1,2,2,0.488249769168684,0.0719212086440619,6,12,3.5,4.5,1,1,2,False,False,False,False,0.416328560524622,5.78867580750808,,,,2025-11-02
6,confusing,0.5,71,0,35,15,0.428571428571429,7.46666666666667,29,29,[np.str_('N_0fgz52')],['s0'],"{np.str_('I_3kpgtu'): 's1', np.str_('Q_8tnrgq'): 's0'}",1,2,1,0.282942776821379,0.125308508724925,3,5,6,3,1,,1,False,False,False,False,0.157634268096454,1.25796938851527,,,,2025-11-02
3,confusing,1,72,0,30,25,0.833333333333333,4.24,30,14,"[np.str_('Q_u9m269'), np.str_('S_mmdpmt')]","['s0', 's1']","{np.str_('N_c8pbbo'): 's0', np.str_('I_5cdp75'): 's1'}",1,2,2,0.585493154305617,0.332153624926704,5,11,1.5,4,1,2,3,False,False,False,False,0.253339529378913,0.762717942442496,,,,2025-11-02
3,confusing,0.5,73,0,30,25,0.833333333333333,4.24,31,14,[np.str_('P_h3vmqi')],['s1'],"{np.str_('N_pld9n7'): 's0', np.str_('V_b0ah68'): 's0'}",1,2,1,0.118288568969483,0.0053464726658622,1,2,2,2,1,,4,False,False,True,False,0.112942096303621,21.1245999675201,,,,2025-11-02
3,confusing,0.5,73,0,30,25,0.833333333333333,4.24,31,23,"[np.str_('Y_uq2jjb'), np.str_('E_kf5m1c')]","['s0', 's0']",{np.str_('F_ivnrga'): 's0'},1,1,2,0.353305674538813,0.0260073053939232,2,2,2,2,1,4,,True,False,False,False,0.32729836914489,12.5848627601906,,,,2025-11-02
3,confusing,1,74,0,53,50,0.943396226415094,3.08,32,2,"[np.str_('A_p76j6g'), np.str_('M_k3ub4v')]","['s0', 's0']","{np.str_('X_7h0c4t'): 's0', np.str_('V_uup5hr'): 's1'}",1,2,2,0.644721291744964,0.38843181194199,1,2,2,2,1,8,5,False,False,True,False,0.256289479802974,0.659805587296361,,,,2025-11-02
3,confusing,0.5,75,0,53,50,0.943396226415094,3.08,33,18,"[np.str_('W_epnlsw'), np.str_('A_ny1piu')]","['s1', 's1']",{np.str_('E_zbpe5g'): 's0'},1,1,2,0.309373250165347,0.163239571051026,4,12,3,3,1,5,,False,False,False,False,0.146133679114321,0.895209894104914,0.3106,"Final Answer: P(W_epnlsw=s1, A_ny1piu=s1 | E_zbpe5g=s0) = 0.3106",openai/o3-mini-high,2025-11-02
