achieved_tw,naming,alpha,seed,variant_index,num_edges,num_nodes,num_nodes/num_edges,avg_markov_blanket_size,bn_index,query_index,query_vars,query_states,evidence,distance,num_evidence,num_target,probability,prior_probability,induced_width,num_eliminated,avg_markov_blanket_size_evidence,avg_markov_blanket_size_target,min_distance_target_evidence,min_distance_target_target,min_distance_evidence_evidence,all_evidence_are_roots,all_evidence_are_leaves,all_target_are_roots,all_target_are_leaves,abs_diff,rel_diff
3,confusing,1.0,42,0,6,4,0.6666666666666666,3.0,0,0,[np.str_('L_vy01po')],['s0'],"{np.str_('U_bx3bu6'): 's0', np.str_('G_2ohusw'): 's0'}",1,2,1,0.8837397673486964,0.5999339341050253,3.0,3.0,3.0,3.0,1,,1.0,False,False,False,True,0.28380583324367115,0.47306181082596954
3,confusing,1.0,42,0,6,4,0.6666666666666666,3.0,0,1,"[np.str_('L_vy01po'), np.str_('G_2ohusw')]","['s0', 's1']","{np.str_('K_kx9xcv'): 's0', np.str_('U_bx3bu6'): 's1'}",1,2,2,0.04690597641365587,0.3594821473547668,3.0,2.0,3.0,3.0,1,1.0,1.0,False,False,False,False,0.31257617094111095,-0.8695179252744222
3,confusing,1.0,42,0,6,4,0.6666666666666666,3.0,0,2,"[np.str_('U_bx3bu6'), np.str_('G_2ohusw')]","['s0', 's1']","{np.str_('K_kx9xcv'): 's0', np.str_('L_vy01po'): 's0'}",1,2,2,0.004738098308624572,0.38186976504917886,3.0,2.0,3.0,3.0,1,1.0,1.0,False,False,False,False,0.37713166674055426,-0.9875923711634662
3,confusing,1.0,42,0,6,4,0.6666666666666666,3.0,0,3,[np.str_('L_vy01po')],['s1'],{np.str_('U_bx3bu6'): 's1'},1,1,1,0.6916251843448263,0.40006606589497473,3.0,3.0,3.0,3.0,1,,,False,False,False,True,0.2915591184498516,0.7287774277921178
3,confusing,1.0,42,0,6,4,0.6666666666666666,3.0,0,4,[np.str_('K_kx9xcv')],['s0'],"{np.str_('G_2ohusw'): 's1', np.str_('U_bx3bu6'): 's1'}",1,2,1,0.23429341807272672,0.481595656049767,2.0,2.0,3.0,3.0,1,,1.0,False,False,False,False,0.2473022379770403,-0.5135059564396998
3,confusing,1.0,42,0,6,4,0.6666666666666666,3.0,0,6,[np.str_('G_2ohusw')],['s0'],"{np.str_('U_bx3bu6'): 's0', np.str_('L_vy01po'): 's0'}",1,2,1,0.28205606429062235,0.5071743917297519,3.0,3.0,3.0,3.0,1,,1.0,False,False,True,False,0.22511832743912952,-0.4438676934601302
3,confusing,1.0,42,0,6,4,0.6666666666666666,3.0,0,7,"[np.str_('U_bx3bu6'), np.str_('G_2ohusw')]","['s0', 's0']","{np.str_('L_vy01po'): 's1', np.str_('K_kx9xcv'): 's1'}",1,2,2,0.00897948968185569,0.14490003216255265,3.0,2.0,3.0,3.0,1,1.0,1.0,False,False,False,False,0.13592054248069696,-0.9380297606022456
3,confusing,1.0,42,0,6,4,0.6666666666666666,3.0,0,8,"[np.str_('G_2ohusw'), np.str_('K_kx9xcv')]","['s0', 's0']",{np.str_('U_bx3bu6'): 's0'},1,1,2,0.2679522956932293,0.4539180381040271,2.0,1.0,3.0,3.0,1,1.0,,False,False,False,False,0.18596574241079777,-0.4096901352225595
3,confusing,1.0,42,0,6,4,0.6666666666666666,3.0,0,9,[np.str_('U_bx3bu6')],['s1'],{np.str_('K_kx9xcv'): 's1'},1,1,1,0.2593826979939129,0.47323020278826855,2.0,2.0,3.0,3.0,1,,,False,False,False,False,0.21384750479435566,-0.4518889613012185
3,confusing,1.0,42,0,6,4,0.6666666666666666,3.0,0,10,"[np.str_('L_vy01po'), np.str_('K_kx9xcv')]","['s1', 's1']","{np.str_('U_bx3bu6'): 's1', np.str_('G_2ohusw'): 's1'}",1,2,2,0.6066856336716345,0.13126742014882917,3.0,2.0,3.0,3.0,1,1.0,1.0,False,False,False,False,0.47541821352280533,3.621753310789401
3,confusing,1.0,42,0,6,4,0.6666666666666666,3.0,0,11,[np.str_('K_kx9xcv')],['s1'],"{np.str_('G_2ohusw'): 's0', np.str_('U_bx3bu6'): 's0'}",1,2,1,0.025885816875488948,0.5184043439502329,2.0,2.0,3.0,3.0,1,,1.0,False,False,False,False,0.492518527074744,-0.9500663580898272
3,confusing,1.0,42,0,6,4,0.6666666666666666,3.0,0,12,[np.str_('G_2ohusw')],['s0'],{np.str_('U_bx3bu6'): 's0'},1,1,1,0.2750727792852388,0.5071743917297519,2.0,2.0,3.0,3.0,1,,,False,False,True,False,0.23210161244451305,-0.45763669504865007
3,confusing,1.0,42,0,6,4,0.6666666666666666,3.0,0,13,[np.str_('K_kx9xcv')],['s1'],{np.str_('L_vy01po'): 's1'},1,1,1,0.32811435745037537,0.5184043439502329,3.0,3.0,3.0,3.0,1,,,False,True,False,False,0.19028998649985757,-0.36706865735315963
3,confusing,1.0,42,0,6,4,0.6666666666666666,3.0,0,14,[np.str_('G_2ohusw')],['s0'],"{np.str_('U_bx3bu6'): 's0', np.str_('L_vy01po'): 's1'}",1,2,1,0.23150394568969793,0.5071743917297519,3.0,3.0,3.0,3.0,1,,1.0,False,False,True,False,0.275670446040054,-0.5435417295022756
3,confusing,1.0,42,0,6,4,0.6666666666666666,3.0,0,15,[np.str_('K_kx9xcv')],['s1'],{np.str_('U_bx3bu6'): 's0'},1,1,1,0.7288558087363832,0.5184043439502329,2.0,2.0,3.0,3.0,1,,,False,False,False,False,0.2104514647861503,0.4059600719826409
3,confusing,1.0,42,0,6,4,0.6666666666666666,3.0,0,16,"[np.str_('U_bx3bu6'), np.str_('G_2ohusw')]","['s0', 's1']",{np.str_('L_vy01po'): 's0'},1,1,2,0.5433060514101852,0.38186976504917886,3.0,2.0,3.0,3.0,1,1.0,,False,True,False,False,0.16143628636100632,0.42275220804720126
3,confusing,1.0,42,0,6,4,0.6666666666666666,3.0,0,17,"[np.str_('K_kx9xcv'), np.str_('U_bx3bu6')]","['s0', 's1']",{np.str_('L_vy01po'): 's1'},1,1,2,0.6310410435537348,0.33876508540269273,3.0,2.0,3.0,3.0,1,1.0,,False,True,False,False,0.29227595815104207,0.8627688352346327
3,confusing,1.0,42,0,6,4,0.6666666666666666,3.0,0,18,[np.str_('K_kx9xcv')],['s1'],{np.str_('G_2ohusw'): 's1'},1,1,1,0.943838920946327,0.5184043439502329,1.0,1.0,3.0,3.0,1,,,True,False,False,False,0.4254345769960941,0.8206616745420946
3,confusing,1.0,42,0,6,4,0.6666666666666666,3.0,0,19,[np.str_('K_kx9xcv')],['s1'],"{np.str_('L_vy01po'): 's0', np.str_('U_bx3bu6'): 's1'}",1,2,1,0.408581982465539,0.5184043439502329,3.0,3.0,3.0,3.0,1,,1.0,False,False,False,False,0.10982236148469393,-0.21184691595724153
3,confusing,1.0,42,0,6,4,0.6666666666666666,3.0,0,21,"[np.str_('K_kx9xcv'), np.str_('L_vy01po')]","['s0', 's1']",{np.str_('U_bx3bu6'): 's0'},1,1,2,0.031020263727792215,0.2687986457461456,3.0,2.0,3.0,3.0,1,1.0,,False,False,False,False,0.23777838201835338,-0.8845966517365275
3,confusing,1.0,42,0,6,4,0.6666666666666666,3.0,0,22,[np.str_('G_2ohusw')],['s1'],{np.str_('K_kx9xcv'): 's0'},1,1,1,0.05747065530607641,0.4928256082702482,1.0,1.0,3.0,3.0,1,,,False,False,True,False,0.43535495296417176,-0.8833854119151991
3,confusing,1.0,42,0,6,4,0.6666666666666666,3.0,0,23,"[np.str_('U_bx3bu6'), np.str_('G_2ohusw')]","['s0', 's0']",{np.str_('K_kx9xcv'): 's1'},1,1,2,0.007235386318777413,0.14490003216255265,2.0,1.0,3.0,3.0,1,1.0,,False,False,False,False,0.13766464584377525,-0.9500663580898273
3,confusing,1.0,42,0,6,4,0.6666666666666666,3.0,0,25,[np.str_('G_2ohusw')],['s0'],{np.str_('K_kx9xcv'): 's0'},1,1,1,0.9425293446939236,0.5071743917297519,1.0,1.0,3.0,3.0,1,,,False,False,True,False,0.4353549529641717,0.8583930104975623
3,confusing,1.0,42,0,6,4,0.6666666666666666,3.0,0,26,"[np.str_('K_kx9xcv'), np.str_('U_bx3bu6')]","['s1', 's0']",{np.str_('L_vy01po'): 's1'},1,1,2,0.14104570827426496,0.3839392265646572,3.0,2.0,3.0,3.0,1,1.0,,False,True,False,False,0.2428935182903922,-0.6326353273764482
3,confusing,1.0,42,0,6,4,0.6666666666666666,3.0,0,27,[np.str_('L_vy01po')],['s1'],"{np.str_('K_kx9xcv'): 's1', np.str_('G_2ohusw'): 's0'}",1,2,1,0.16342119439838915,0.40006606589497473,3.0,3.0,3.0,3.0,1,,1.0,False,False,False,True,0.23664487149658558,-0.5915144814074522
3,confusing,1.0,42,0,6,4,0.6666666666666666,3.0,0,28,[np.str_('U_bx3bu6')],['s0'],{np.str_('K_kx9xcv'): 's0'},1,1,1,0.2965777802454151,0.5267697972117316,2.0,2.0,3.0,3.0,1,,,False,False,False,False,0.23019201696631647,-0.4369878800659339
3,confusing,1.0,42,0,6,4,0.6666666666666666,3.0,0,29,[np.str_('G_2ohusw')],['s0'],{np.str_('L_vy01po'): 's0'},1,1,1,0.4007971096166809,0.5071743917297519,3.0,3.0,3.0,3.0,1,,,False,True,True,False,0.10637728211307096,-0.20974497894159086
3,confusing,0.5,43,0,6,4,0.6666666666666666,3.0,1,6,[np.str_('L_vy01po')],['s0'],{np.str_('G_2ohusw'): 's0'},1,1,1,0.5653075093795801,0.22121125105111328,3.0,3.0,3.0,3.0,1,,,True,False,False,True,0.3440962583284668,1.5555097522998935
3,confusing,0.5,43,0,6,4,0.6666666666666666,3.0,1,10,"[np.str_('U_bx3bu6'), np.str_('K_kx9xcv')]","['s0', 's0']","{np.str_('L_vy01po'): 's0', np.str_('G_2ohusw'): 's1'}",1,2,2,0.27444145695403327,0.14641094673590627,3.0,2.0,3.0,3.0,1,1.0,1.0,False,False,False,False,0.128030510218127,0.8744599572125328
3,confusing,0.5,43,0,6,4,0.6666666666666666,3.0,1,12,[np.str_('U_bx3bu6')],['s1'],{np.str_('K_kx9xcv'): 's1'},1,1,1,0.9705134765085717,0.852818558162507,2.0,2.0,3.0,3.0,1,,,False,False,False,False,0.11769491834606471,0.13800698544793819
3,confusing,0.5,43,0,6,4,0.6666666666666666,3.0,1,13,"[np.str_('K_kx9xcv'), np.str_('L_vy01po')]","['s0', 's1']",{np.str_('G_2ohusw'): 's0'},1,1,2,0.2776524951725339,0.7530227541244757,3.0,2.0,3.0,3.0,1,1.0,,True,False,False,False,0.47537025895194185,-0.6312827286403121
3,confusing,0.5,43,0,6,4,0.6666666666666666,3.0,1,16,"[np.str_('L_vy01po'), np.str_('U_bx3bu6')]","['s1', 's1']","{np.str_('K_kx9xcv'): 's0', np.str_('G_2ohusw'): 's0'}",1,2,2,0.157971654167334,0.6924078687689719,3.0,2.0,3.0,3.0,1,1.0,1.0,False,False,False,False,0.5344362146016379,-0.7718517346601059
3,confusing,0.5,43,0,6,4,0.6666666666666666,3.0,1,17,[np.str_('L_vy01po')],['s1'],{np.str_('U_bx3bu6'): 's0'},1,1,1,0.5869006248443353,0.7787887489488868,3.0,3.0,3.0,3.0,1,,,False,False,False,True,0.19188812410455158,-0.24639303580533045
3,confusing,0.5,43,0,6,4,0.6666666666666666,3.0,1,18,[np.str_('K_kx9xcv')],['s1'],"{np.str_('L_vy01po'): 's1', np.str_('G_2ohusw'): 's0'}",1,2,1,0.3612668698825436,0.02613041519834322,3.0,3.0,3.0,3.0,1,,1.0,False,False,False,False,0.3351364546842004,12.825531172786318
3,confusing,0.5,43,0,6,4,0.6666666666666666,3.0,1,19,[np.str_('L_vy01po')],['s1'],"{np.str_('G_2ohusw'): 's0', np.str_('U_bx3bu6'): 's1'}",1,2,1,0.23173272255383742,0.7787887489488868,3.0,3.0,3.0,3.0,1,,1.0,False,False,False,True,0.5470560263950495,-0.7024446965026117
3,confusing,0.5,43,0,6,4,0.6666666666666666,3.0,1,22,"[np.str_('K_kx9xcv'), np.str_('U_bx3bu6')]","['s0', 's0']",{np.str_('L_vy01po'): 's0'},1,1,2,0.274063032608893,0.14641094673590627,3.0,2.0,3.0,3.0,1,1.0,,False,True,False,False,0.1276520858729867,0.8718752847302019
3,confusing,0.5,43,0,6,4,0.6666666666666666,3.0,1,24,"[np.str_('U_bx3bu6'), np.str_('G_2ohusw')]","['s0', 's1']","{np.str_('L_vy01po'): 's0', np.str_('K_kx9xcv'): 's0'}",1,2,2,0.2741011491339788,0.14670663315202306,3.0,2.0,3.0,3.0,1,1.0,1.0,False,False,False,False,0.12739451598195575,0.868362344938723
3,confusing,0.5,43,0,6,4,0.6666666666666666,3.0,1,29,[np.str_('G_2ohusw')],['s1'],"{np.str_('K_kx9xcv'): 's1', np.str_('U_bx3bu6'): 's0'}",1,2,1,0.7232462738052663,0.9988709317210978,2.0,2.0,3.0,3.0,1,,1.0,False,False,True,False,0.27562465791583146,-0.27593620873611596
3,confusing,1.0,44,0,10,6,0.6,5.0,2,0,"[np.str_('G_bo3vt6'), np.str_('K_5si3ik')]","['s0', 's1']",{np.str_('W_qis23b'): 's0'},1,1,2,0.29133268943088697,0.16911607434354278,3.0,3.0,4.0,3.0,1,2.0,,False,False,False,False,0.12221661508734419,0.7226788793540292
3,confusing,1.0,44,0,10,6,0.6,5.0,2,11,"[np.str_('G_bo3vt6'), np.str_('K_5si3ik')]","['s1', 's0']","{np.str_('U_9d6udx'): 's0', np.str_('X_wzdhd9'): 's0'}",1,2,2,0.4917356938744824,0.3202876293289003,2.0,2.0,2.5,3.0,1,2.0,2.0,True,False,False,False,0.1714480645455821,0.5352940571099102
3,confusing,1.0,44,0,10,6,0.6,5.0,2,13,[np.str_('K_5si3ik')],['s0'],"{np.str_('X_wzdhd9'): 's0', np.str_('U_9d6udx'): 's1'}",1,2,1,0.2959317328290309,0.5421299698350128,1.0,2.0,2.5,3.0,1,,2.0,True,False,False,False,0.24619823700598192,-0.4541313904503523
3,confusing,1.0,44,0,10,6,0.6,5.0,2,14,[np.str_('U_9d6udx')],['s0'],{np.str_('K_5si3ik'): 's0'},1,1,1,0.6905338047409927,0.433075670875592,1.0,1.0,3.0,3.0,1,,,False,False,True,False,0.2574581338654007,0.5944876407969814
3,confusing,1.0,44,0,10,6,0.6,5.0,2,18,[np.str_('W_qis23b')],['s1'],"{np.str_('G_bo3vt6'): 's0', np.str_('X_wzdhd9'): 's0'}",1,2,1,0.14049848394906014,0.6240924758886973,3.0,4.0,2.5,4.0,1,,2.0,False,False,False,False,0.48359399193963715,-0.7748755362753049
3,confusing,1.0,44,0,10,6,0.6,5.0,2,20,[np.str_('W_qis23b')],['s0'],"{np.str_('M_clcji8'): 's1', np.str_('U_9d6udx'): 's1'}",1,2,1,0.27363970890801603,0.37590752411130274,5.0,5.0,4.0,4.0,1,,1.0,False,False,False,False,0.1022678152032867,-0.2720557813921441
3,confusing,1.0,44,0,10,6,0.6,5.0,2,21,"[np.str_('W_qis23b'), np.str_('U_9d6udx')]","['s1', 's0']","{np.str_('K_5si3ik'): 's1', np.str_('G_bo3vt6'): 's0'}",1,2,2,0.052755457798606374,0.2530869073182222,3.0,3.0,3.0,3.5,1,2.0,2.0,False,False,False,False,0.20033144951961582,-0.7915520073415983
3,confusing,1.0,44,0,10,6,0.6,5.0,2,23,"[np.str_('U_9d6udx'), np.str_('M_clcji8')]","['s0', 's0']","{np.str_('X_wzdhd9'): 's0', np.str_('K_5si3ik'): 's1'}",1,2,2,0.08925693366026026,0.20024308708701438,5.0,4.0,2.5,4.0,1,1.0,2.0,False,False,False,False,0.11098615342675412,-0.5542571034101456
3,confusing,1.0,44,0,10,6,0.6,5.0,2,26,"[np.str_('U_9d6udx'), np.str_('X_wzdhd9')]","['s1', 's0']","{np.str_('W_qis23b'): 's0', np.str_('K_5si3ik'): 's0'}",1,2,2,0.19631207664215697,0.2995540262594179,3.0,3.0,3.5,2.5,1,2.0,1.0,False,False,True,False,0.10324194961726094,-0.34465218480439314
3,confusing,0.5,45,0,10,6,0.6,5.0,3,6,"[np.str_('M_clcji8'), np.str_('X_wzdhd9')]","['s0', 's0']",{np.str_('G_bo3vt6'): 's0'},1,1,2,0.5947281264604123,0.41257071588933597,5.0,4.0,3.0,3.5,1,1.0,,False,False,False,False,0.18215741057107632,0.44151803207461887
3,confusing,0.5,45,0,10,6,0.6,5.0,3,7,"[np.str_('U_9d6udx'), np.str_('X_wzdhd9')]","['s0', 's0']","{np.str_('K_5si3ik'): 's0', np.str_('M_clcji8'): 's0'}",1,2,2,0.020372943959249296,0.25704832381514625,5.0,4.0,4.0,2.5,1,2.0,1.0,False,False,True,False,0.23667537985589696,-0.9207427472901932
3,confusing,0.5,45,0,10,6,0.6,5.0,3,12,"[np.str_('K_5si3ik'), np.str_('U_9d6udx')]","['s1', 's0']","{np.str_('G_bo3vt6'): 's1', np.str_('W_qis23b'): 's1'}",1,2,2,0.006388673176597167,0.1837307965892128,3.0,3.0,3.5,3.0,1,1.0,1.0,False,False,False,False,0.17734212341261563,-0.9652280766469378
3,confusing,0.5,45,0,10,6,0.6,5.0,3,17,[np.str_('U_9d6udx')],['s0'],{np.str_('K_5si3ik'): 's0'},1,1,1,0.18394818592572124,0.3047430286453874,1.0,1.0,3.0,3.0,1,,,False,False,True,False,0.12079484271966615,-0.3963826285267658
3,confusing,0.5,45,0,10,6,0.6,5.0,3,20,"[np.str_('M_clcji8'), np.str_('K_5si3ik')]","['s0', 's0']","{np.str_('X_wzdhd9'): 's1', np.str_('W_qis23b'): 's0'}",1,2,2,0.10857591071041306,0.25522099449894825,5.0,4.0,3.0,4.0,1,1.0,1.0,False,False,False,False,0.1466450837885352,-0.5745808023216503
3,confusing,0.5,45,0,10,6,0.6,5.0,3,26,"[np.str_('K_5si3ik'), np.str_('G_bo3vt6')]","['s1', 's0']",{np.str_('M_clcji8'): 's1'},1,1,2,0.09996126106136419,0.26200368947611097,5.0,4.0,5.0,3.0,1,2.0,,False,True,False,False,0.16204242841474678,-0.618473841871305
3,confusing,0.5,45,0,10,6,0.6,5.0,3,27,"[np.str_('W_qis23b'), np.str_('M_clcji8')]","['s0', 's1']",{np.str_('G_bo3vt6'): 's0'},1,1,2,0.24844693066091525,0.4612621523606967,5.0,4.0,3.0,4.5,1,1.0,,False,False,False,False,0.21281522169978143,-0.4613758588486243
3,confusing,0.5,45,0,10,6,0.6,5.0,3,28,"[np.str_('K_5si3ik'), np.str_('U_9d6udx')]","['s0', 's1']",{np.str_('W_qis23b'): 's1'},1,1,2,0.4338300630426837,0.5368481944937219,3.0,3.0,4.0,3.0,1,1.0,,False,False,False,False,0.10301813145103822,-0.19189434277261586
4,confusing,1.0,46,0,11,6,0.5454545454545454,4.333333333333333,4,0,"[np.str_('P_48cwxi'), np.str_('Y_q2xqrf')]","['s0', 's0']",{np.str_('A_qw4mqw'): 's1'},1,1,2,0.344592471336993,0.5417102490529783,4.0,4.0,4.0,2.5,1,2.0,,False,True,False,False,0.19711777771598527,-0.363880465729766
4,confusing,1.0,46,0,11,6,0.5454545454545454,4.333333333333333,4,1,"[np.str_('Y_cimb2b'), np.str_('Y_q2xqrf')]","['s1', 's0']","{np.str_('F_tsl31q'): 's1', np.str_('L_ci65w8'): 's1'}",1,2,2,0.21911897980035047,0.4352854725356766,3.0,3.0,4.0,4.5,1,1.0,1.0,False,False,False,False,0.21616649273532615,-0.4966085623673297
4,confusing,1.0,46,0,11,6,0.5454545454545454,4.333333333333333,4,5,[np.str_('Y_q2xqrf')],['s1'],"{np.str_('A_qw4mqw'): 's1', np.str_('F_tsl31q'): 's1'}",1,2,1,0.5800403388511832,0.22920066931527905,4.0,5.0,4.0,4.0,1,,1.0,False,False,False,False,0.3508396695359042,1.5307096204562278
4,confusing,1.0,46,0,11,6,0.5454545454545454,4.333333333333333,4,9,"[np.str_('A_qw4mqw'), np.str_('Y_cimb2b')]","['s0', 's1']","{np.str_('L_ci65w8'): 's1', np.str_('F_tsl31q'): 's1'}",1,2,2,0.7271735878665124,0.4297929014252204,4.0,4.0,4.0,4.5,1,1.0,1.0,False,False,False,False,0.297380686441292,0.6919162355989568
4,confusing,1.0,46,0,11,6,0.5454545454545454,4.333333333333333,4,10,[np.str_('A_qw4mqw')],['s0'],"{np.str_('P_48cwxi'): 's1', np.str_('Y_cimb2b'): 's1'}",1,2,1,0.7422657892172709,0.6287570460209247,4.0,5.0,3.0,4.0,1,,1.0,False,False,False,True,0.11350874319634618,0.18052878121157256
4,confusing,1.0,46,0,11,6,0.5454545454545454,4.333333333333333,4,13,[np.str_('F_tsl31q')],['s1'],{np.str_('Y_q2xqrf'): 's1'},1,1,1,0.3064027570294614,0.09689580387462077,3.0,4.0,4.0,4.0,1,,,False,False,True,False,0.20950695315484064,2.1621880904763855
4,confusing,1.0,46,0,11,6,0.5454545454545454,4.333333333333333,4,15,"[np.str_('Y_cimb2b'), np.str_('A_qw4mqw')]","['s1', 's1']","{np.str_('Y_q2xqrf'): 's1', np.str_('F_tsl31q'): 's1'}",1,2,2,0.20099987602192626,0.09484707701858613,4.0,4.0,4.0,4.5,1,1.0,1.0,False,False,False,False,0.10615279900334013,1.1191994770965745
4,confusing,1.0,46,0,11,6,0.5454545454545454,4.333333333333333,4,16,[np.str_('A_qw4mqw')],['s0'],"{np.str_('P_48cwxi'): 's0', np.str_('Y_cimb2b'): 's0'}",1,2,1,0.43687960940154036,0.6287570460209247,4.0,5.0,3.0,4.0,1,,1.0,False,False,False,True,0.1918774366193844,-0.3051694415731427
4,confusing,1.0,46,0,11,6,0.5454545454545454,4.333333333333333,4,18,[np.str_('Y_cimb2b')],['s0'],{np.str_('A_qw4mqw'): 's1'},1,1,1,0.7445148089627255,0.4753600215561935,4.0,5.0,4.0,5.0,1,,,False,True,False,False,0.269154787406532,0.5662125025268128
4,confusing,1.0,46,0,11,6,0.5454545454545454,4.333333333333333,4,21,"[np.str_('A_qw4mqw'), np.str_('L_ci65w8')]","['s0', 's1']","{np.str_('F_tsl31q'): 's1', np.str_('Y_cimb2b'): 's0'}",1,2,2,0.3233382069421026,0.09537324902903077,4.0,4.0,4.5,4.0,1,1.0,1.0,False,False,False,False,0.2279649579130718,2.3902400330692446
4,confusing,1.0,46,0,11,6,0.5454545454545454,4.333333333333333,4,24,[np.str_('L_ci65w8')],['s0'],"{np.str_('Y_cimb2b'): 's0', np.str_('Y_q2xqrf'): 's0'}",1,2,1,0.9794732945727822,0.8767086954447805,3.0,4.0,4.5,4.0,1,,1.0,False,False,False,False,0.10276459912800173,0.11721635665523562
4,confusing,1.0,46,0,11,6,0.5454545454545454,4.333333333333333,4,27,"[np.str_('Y_cimb2b'), np.str_('L_ci65w8')]","['s1', 's0']","{np.str_('Y_q2xqrf'): 's0', np.str_('P_48cwxi'): 's1'}",1,2,2,0.014164376628146576,0.4256014755035867,3.0,3.0,2.5,4.5,1,1.0,2.0,False,False,False,False,0.4114370988754401,-0.9667191552581279
4,confusing,1.0,46,0,11,6,0.5454545454545454,4.333333333333333,4,28,[np.str_('P_48cwxi')],['s1'],"{np.str_('Y_cimb2b'): 's1', np.str_('Y_q2xqrf'): 's0'}",1,2,1,0.03855539373961383,0.3371104028234817,3.0,4.0,4.5,1.0,1,,1.0,False,False,True,False,0.2985550090838679,-0.885629771681053
4,confusing,1.0,46,0,11,6,0.5454545454545454,4.333333333333333,4,29,[np.str_('Y_cimb2b')],['s0'],{np.str_('P_48cwxi'): 's0'},1,1,1,0.2720050514748993,0.4753600215561935,3.0,3.0,1.0,5.0,1,,,True,False,False,False,0.20335497008129422,-0.4277914861573085
4,confusing,0.5,47,0,11,6,0.5454545454545454,4.333333333333333,5,3,"[np.str_('L_ci65w8'), np.str_('Y_cimb2b')]","['s1', 's1']","{np.str_('A_qw4mqw'): 's0', np.str_('P_48cwxi'): 's1'}",1,2,2,0.18860642938317745,0.2931541027341585,4.0,4.0,2.5,4.5,1,1.0,2.0,False,False,False,False,0.10454767335098103,-0.3566304287604946
4,confusing,0.5,47,0,11,6,0.5454545454545454,4.333333333333333,5,4,"[np.str_('L_ci65w8'), np.str_('Y_q2xqrf')]","['s1', 's1']","{np.str_('Y_cimb2b'): 's0', np.str_('A_qw4mqw'): 's0'}",1,2,2,0.0005067073906228508,0.28073540922341467,4.0,4.0,4.5,4.0,1,1.0,1.0,False,False,False,False,0.2802287018327918,-0.9981950713234766
4,confusing,0.5,47,0,11,6,0.5454545454545454,4.333333333333333,5,5,[np.str_('F_tsl31q')],['s0'],"{np.str_('L_ci65w8'): 's0', np.str_('Y_q2xqrf'): 's1'}",1,2,1,0.5098864514250805,0.16668330269549145,3.0,4.0,4.0,4.0,1,,1.0,False,False,True,False,0.343203148729589,2.059013369542936
4,confusing,0.5,47,0,11,6,0.5454545454545454,4.333333333333333,5,12,[np.str_('L_ci65w8')],['s1'],{np.str_('F_tsl31q'): 's0'},1,1,1,0.5576545744862998,0.8823524295901788,1.0,1.0,4.0,4.0,1,,,True,False,False,False,0.32469785510387894,-0.3679911158115012
4,confusing,0.5,47,0,11,6,0.5454545454545454,4.333333333333333,5,17,[np.str_('Y_q2xqrf')],['s1'],"{np.str_('L_ci65w8'): 's1', np.str_('A_qw4mqw'): 's1'}",1,2,1,0.4831731433838776,0.3327798406250929,4.0,5.0,4.0,4.0,1,,1.0,False,False,False,False,0.1503933027587847,0.4519303287010603
4,confusing,0.5,47,0,11,6,0.5454545454545454,4.333333333333333,5,19,[np.str_('Y_q2xqrf')],['s0'],"{np.str_('P_48cwxi'): 's1', np.str_('Y_cimb2b'): 's0'}",1,2,1,0.9658725887553588,0.6672201593749072,3.0,4.0,3.0,4.0,1,,1.0,False,False,False,False,0.29865242938045156,0.44760702323540025
4,confusing,0.5,47,0,11,6,0.5454545454545454,4.333333333333333,5,20,"[np.str_('Y_q2xqrf'), np.str_('A_qw4mqw')]","['s0', 's0']","{np.str_('L_ci65w8'): 's1', np.str_('F_tsl31q'): 's0'}",1,2,2,0.24687031853654579,0.4617058500237434,4.0,4.0,4.0,4.0,1,1.0,1.0,False,False,False,False,0.21483553148719764,-0.46530822920296466
4,confusing,0.5,47,0,11,6,0.5454545454545454,4.333333333333333,5,23,"[np.str_('L_ci65w8'), np.str_('Y_q2xqrf')]","['s1', 's0']",{np.str_('A_qw4mqw'): 's0'},1,1,2,0.7133165860608512,0.601617020366764,4.0,4.0,4.0,4.0,1,1.0,,False,True,False,False,0.11169956569408723,0.18566556781587026
4,confusing,0.5,47,0,11,6,0.5454545454545454,4.333333333333333,5,24,"[np.str_('Y_q2xqrf'), np.str_('P_48cwxi')]","['s0', 's1']","{np.str_('Y_cimb2b'): 's0', np.str_('A_qw4mqw'): 's1'}",1,2,2,0.8534122426290641,0.6305162446420596,4.0,4.0,4.5,2.5,1,2.0,1.0,False,False,False,False,0.22289599798700455,0.3535134897492472
4,confusing,0.5,47,0,11,6,0.5454545454545454,4.333333333333333,5,26,[np.str_('Y_q2xqrf')],['s0'],"{np.str_('Y_cimb2b'): 's1', np.str_('A_qw4mqw'): 's0'}",1,2,1,0.1754341846772076,0.6672201593749072,4.0,5.0,4.5,4.0,1,,1.0,False,False,False,False,0.4917859746976996,-0.7370670202147892
4,confusing,0.5,47,0,11,6,0.5454545454545454,4.333333333333333,5,29,[np.str_('A_qw4mqw')],['s0'],{np.str_('Y_cimb2b'): 's1'},1,1,1,0.40749271552620375,0.5801970244140033,4.0,5.0,5.0,4.0,1,,,False,False,False,True,0.17270430888779958,-0.29766493384248266
3,confusing,1.0,48,0,10,8,0.8,4.0,6,1,[np.str_('W_2mv0wc')],['s0'],{np.str_('A_re1agg'): 's0'},1,1,1,0.33969232239883956,0.5654063742219353,4.0,5.0,1.0,4.0,1,,,True,False,False,True,0.22571405182309573,-0.3992067689963779
3,confusing,1.0,48,0,10,8,0.8,4.0,6,2,"[np.str_('W_2mv0wc'), np.str_('C_2q3gw5')]","['s0', 's1']","{np.str_('C_2vgqnw'): 's0', np.str_('O_12p4cs'): 's1'}",1,2,2,0.05779499850999127,0.23346587684830292,4.0,4.0,3.5,3.5,1,1.0,2.0,False,False,False,False,0.17567087833831163,-0.7524477697117843
3,confusing,1.0,48,0,10,8,0.8,4.0,6,5,[np.str_('V_svz281')],['s1'],"{np.str_('C_2vgqnw'): 's0', np.str_('W_2mv0wc'): 's1'}",1,2,1,0.1719182606118639,0.27869090469805896,4.0,5.0,3.5,2.0,1,,1.0,False,False,True,False,0.10677264408619505,-0.3831220979453037
3,confusing,1.0,48,0,10,8,0.8,4.0,6,6,"[np.str_('O_12p4cs'), np.str_('V_svz281')]","['s0', 's0']","{np.str_('L_2p6cot'): 's1', np.str_('S_vh9add'): 's0'}",1,2,2,0.13585798138642646,0.29252904321388323,2.0,3.0,1.5,3.0,1,2.0,2.0,False,True,False,False,0.15667106182745677,-0.5355743829952173
3,confusing,0.5,49,0,10,8,0.8,4.0,7,2,"[np.str_('C_2vgqnw'), np.str_('O_12p4cs')]","['s0', 's0']",{np.str_('C_2q3gw5'): 's1'},1,1,2,0.023315408244275564,0.5023450993467782,2.0,2.0,3.0,3.5,1,2.0,,True,False,False,False,0.4790296911025026,-0.9535868703116769
3,confusing,0.5,49,0,10,8,0.8,4.0,7,6,[np.str_('C_2vgqnw')],['s0'],{np.str_('W_2mv0wc'): 's1'},1,1,1,0.9441006631062971,0.5539392551338518,4.0,5.0,4.0,3.0,1,,,False,True,False,False,0.39016140797244536,0.7043396985436033
3,confusing,0.5,49,0,10,8,0.8,4.0,7,7,[np.str_('S_vh9add')],['s1'],"{np.str_('C_2vgqnw'): 's1', np.str_('A_re1agg'): 's1'}",2,2,1,0.4576691573466445,0.34871553055743304,2.0,5.0,2.0,2.0,2,,2.0,False,False,False,True,0.10895362678921144,0.31244271402264634
3,confusing,0.5,49,0,10,8,0.8,4.0,7,9,"[np.str_('C_2vgqnw'), np.str_('S_vh9add')]","['s0', 's0']","{np.str_('V_svz281'): 's1', np.str_('O_12p4cs'): 's1'}",1,2,2,0.007168295844542655,0.4093719698047253,3.0,3.0,3.0,2.5,1,2.0,2.0,False,False,False,False,0.40220367396018264,-0.9824895293931287
3,confusing,0.5,49,0,10,8,0.8,4.0,7,10,"[np.str_('W_2mv0wc'), np.str_('O_12p4cs')]","['s1', 's0']",{np.str_('C_2vgqnw'): 's0'},1,1,2,0.43195310634813294,0.2465870435388941,4.0,4.0,3.0,4.0,1,1.0,,False,False,False,False,0.18536606280923884,0.7517266931342284
3,confusing,0.5,49,0,10,8,0.8,4.0,7,12,[np.str_('V_svz281')],['s1'],"{np.str_('O_12p4cs'): 's0', np.str_('C_2vgqnw'): 's0'}",1,2,1,0.20817406988444323,0.5384905666003568,2.0,3.0,3.5,2.0,1,,2.0,False,False,True,False,0.33031649671591357,-0.6134118538070129
3,confusing,0.5,49,0,10,8,0.8,4.0,7,15,[np.str_('S_vh9add')],['s1'],"{np.str_('C_2vgqnw'): 's1', np.str_('W_2mv0wc'): 's1'}",2,2,1,0.7012962187084187,0.34871553055743304,5.0,6.0,3.5,2.0,2,,1.0,False,False,False,True,0.3525806881509857,1.0110839846661663
3,confusing,0.5,49,0,10,8,0.8,4.0,7,16,"[np.str_('O_12p4cs'), np.str_('V_svz281')]","['s1', 's0']","{np.str_('C_2q3gw5'): 's1', np.str_('W_2mv0wc'): 's1'}",1,2,2,0.33180357181736236,0.04008842653063995,4.0,4.0,3.5,3.0,1,2.0,1.0,False,False,False,False,0.29171514528672243,7.276792095188916
3,confusing,0.5,49,0,10,8,0.8,4.0,7,17,"[np.str_('V_svz281'), np.str_('C_2q3gw5')]","['s0', 's0']","{np.str_('W_2mv0wc'): 's0', np.str_('O_12p4cs'): 's0'}",1,2,2,0.34721542872077416,0.45454684670552126,4.0,4.0,4.0,2.5,1,2.0,1.0,False,False,True,False,0.1073314179847471,-0.23612839636369076
3,confusing,0.5,49,0,10,8,0.8,4.0,7,18,"[np.str_('V_svz281'), np.str_('O_12p4cs')]","['s1', 's0']","{np.str_('W_2mv0wc'): 's0', np.str_('C_2vgqnw'): 's1'}",1,2,2,0.8822346872180958,0.4917152724149665,4.0,4.0,3.5,3.0,1,2.0,1.0,False,False,False,False,0.39051941480312935,0.7941982621063755
3,confusing,0.5,49,0,10,8,0.8,4.0,7,25,[np.str_('L_2p6cot')],['s1'],"{np.str_('S_vh9add'): 's0', np.str_('C_2q3gw5'): 's1'}",2,2,1,0.5712741442601759,0.862559497514559,2.0,4.0,2.5,1.0,2,,2.0,False,False,False,True,0.2912853532543831,-0.33769885334717625
3,confusing,0.5,49,0,10,8,0.8,4.0,7,28,"[np.str_('A_re1agg'), np.str_('O_12p4cs')]","['s1', 's1']","{np.str_('C_2vgqnw'): 's1', np.str_('C_2q3gw5'): 's1'}",1,2,2,0.5810975219977625,0.05197113654344555,,,3.0,2.5,1,2.0,1.0,False,False,False,False,0.529126385454317,10.181158632388017
4,confusing,1.0,50,0,19,8,0.4210526315789473,5.75,8,1,[np.str_('A_dcka33')],['s1'],"{np.str_('O_nhaatt'): 's0', np.str_('F_gwfc5h'): 's0'}",1,2,1,0.6970832748941462,0.436145583117643,5.0,6.0,5.5,7.0,1,,1.0,False,False,False,False,0.2609376917765032,0.5982811746281508
4,confusing,1.0,50,0,19,8,0.4210526315789473,5.75,8,3,"[np.str_('G_u5vagt'), np.str_('P_eo9210')]","['s1', 's0']",{np.str_('F_gwfc5h'): 's0'},1,1,2,0.5714106807509611,0.37347600206635945,2.0,2.0,7.0,4.0,1,2.0,,False,False,False,False,0.19793467868460168,0.5299796441792063
4,confusing,1.0,50,0,19,8,0.4210526315789473,5.75,8,4,[np.str_('F_gwfc5h')],['s0'],{np.str_('P_eo9210'): 's1'},1,1,1,0.2737686825653697,0.5339226024253421,2.0,2.0,4.0,7.0,1,,,False,False,False,False,0.2601539198599724,-0.4872502469051204
4,confusing,1.0,50,0,19,8,0.4210526315789473,5.75,8,9,[np.str_('A_l40h2y')],['s1'],{np.str_('P_eo9210'): 's0'},1,1,1,0.7572166467435034,0.6528672979863115,5.0,6.0,4.0,4.0,1,,,False,False,False,True,0.10434934875719193,0.15983240250973604
4,confusing,1.0,50,0,19,8,0.4210526315789473,5.75,8,15,"[np.str_('A_l40h2y'), np.str_('Q_6l74eg')]","['s0', 's0']","{np.str_('G_u5vagt'): 's0', np.str_('F_gwfc5h'): 's0'}",1,2,2,0.11014227408062242,0.22233972002966237,5.0,5.0,5.5,4.5,1,1.0,1.0,False,False,False,False,0.11219744594903995,-0.5046216930293502
4,confusing,1.0,50,0,19,8,0.4210526315789473,5.75,8,17,"[np.str_('A_dcka33'), np.str_('A_l40h2y')]","['s1', 's1']","{np.str_('O_nhaatt'): 's0', np.str_('G_u5vagt'): 's0'}",1,2,2,0.42313319342283584,0.2994451815485817,5.0,6.0,4.0,5.5,1,1.0,1.0,False,False,False,False,0.12368801187425416,0.4130572789136269
4,confusing,1.0,50,0,19,8,0.4210526315789473,5.75,8,18,[np.str_('P_eo9210')],['s1'],"{np.str_('A_l40h2y'): 's0', np.str_('O_nhaatt'): 's0'}",1,2,1,0.6488821552739218,0.5279582999546575,5.0,7.0,4.0,4.0,1,,2.0,False,True,False,False,0.1209238553192643,0.2290405422732242
4,confusing,1.0,50,0,19,8,0.4210526315789473,5.75,8,19,[np.str_('P_eo9210')],['s1'],{np.str_('A_l40h2y'): 's0'},1,1,1,0.6698557463785523,0.5279582999546575,5.0,6.0,4.0,4.0,1,,,False,True,False,False,0.1418974464238948,0.2687663901411936
4,confusing,1.0,50,0,19,8,0.4210526315789473,5.75,8,21,[np.str_('C_p490cm')],['s1'],{np.str_('G_u5vagt'): 's1'},1,1,1,0.10208629812968881,0.21817250238053523,2.0,3.0,4.0,3.0,1,,,False,False,False,False,0.11608620425084643,-0.532084488119266
4,confusing,1.0,50,0,19,8,0.4210526315789473,5.75,8,22,[np.str_('P_eo9210')],['s1'],{np.str_('F_gwfc5h'): 's1'},1,1,1,0.8226527476376947,0.5279582999546575,2.0,2.0,7.0,4.0,1,,,False,False,False,False,0.2946944476830372,0.5581775070272527
4,confusing,1.0,50,0,19,8,0.4210526315789473,5.75,8,23,[np.str_('O_nhaatt')],['s1'],"{np.str_('A_dcka33'): 's0', np.str_('G_u5vagt'): 's0'}",1,2,1,0.8197908135157039,0.6640618715017073,5.0,6.0,5.5,4.0,1,,1.0,False,False,False,True,0.15572894201399667,0.2345096875714785
4,confusing,1.0,50,0,19,8,0.4210526315789473,5.75,8,25,[np.str_('A_dcka33')],['s1'],{np.str_('O_nhaatt'): 's0'},1,1,1,0.5677358273827305,0.436145583117643,5.0,6.0,4.0,7.0,1,,,False,True,False,False,0.13159024426508753,0.30171174341479745
4,confusing,1.0,50,0,19,8,0.4210526315789473,5.75,8,28,[np.str_('P_eo9210')],['s1'],"{np.str_('F_gwfc5h'): 's0', np.str_('C_p490cm'): 's1'}",1,2,1,0.270710487946143,0.5279582999546575,,,5.0,4.0,1,,1.0,False,False,False,False,0.2572478120085145,-0.4872502469051204
4,confusing,1.0,50,0,19,8,0.4210526315789473,5.75,8,29,"[np.str_('C_p490cm'), np.str_('F_gwfc5h')]","['s0', 's0']",{np.str_('Q_6l74eg'): 's0'},1,1,2,0.5077629956752532,0.39606255749887515,2.0,2.0,5.0,5.0,1,1.0,,True,False,False,False,0.11170043817637804,0.28202726074831064
4,confusing,0.5,51,0,19,8,0.4210526315789473,5.75,9,1,"[np.str_('F_gwfc5h'), np.str_('A_l40h2y')]","['s0', 's1']","{np.str_('P_eo9210'): 's1', np.str_('A_dcka33'): 's1'}",1,2,2,0.01060077477018475,0.29772975098702,5.0,5.0,5.5,5.5,1,1.0,1.0,False,False,False,False,0.28712897621683525,-0.9643946406597207
4,confusing,0.5,51,0,19,8,0.4210526315789473,5.75,9,4,[np.str_('A_dcka33')],['s1'],"{np.str_('G_u5vagt'): 's0', np.str_('C_p490cm'): 's1'}",1,2,1,0.10150478051464867,0.6578826659228064,5.0,5.0,3.5,7.0,1,,1.0,False,False,False,False,0.5563778854081578,-0.8457099027342988
4,confusing,0.5,51,0,19,8,0.4210526315789473,5.75,9,5,"[np.str_('C_p490cm'), np.str_('P_eo9210')]","['s0', 's0']",{np.str_('A_dcka33'): 's0'},1,1,2,0.41755736137912375,0.297092443419685,5.0,4.0,7.0,3.5,1,2.0,,False,False,False,False,0.12046491795943876,0.4054795758950525
4,confusing,0.5,51,0,19,8,0.4210526315789473,5.75,9,9,"[np.str_('F_gwfc5h'), np.str_('C_p490cm')]","['s0', 's0']","{np.str_('A_dcka33'): 's0', np.str_('A_l40h2y'): 's1'}",1,2,2,0.4769252018008437,0.18194379481938114,5.0,5.0,5.5,5.0,1,1.0,1.0,False,False,False,False,0.2949814069814626,1.6212776438696133
4,confusing,0.5,51,0,19,8,0.4210526315789473,5.75,9,17,[np.str_('O_nhaatt')],['s1'],"{np.str_('A_l40h2y'): 's1', np.str_('A_dcka33'): 's0'}",1,2,1,0.7767550509360732,0.5682616630043369,5.0,7.0,5.5,4.0,1,,1.0,False,False,False,True,0.20849338793173633,0.36689680389392226
4,confusing,0.5,51,0,19,8,0.4210526315789473,5.75,9,18,"[np.str_('A_l40h2y'), np.str_('P_eo9210')]","['s0', 's1']","{np.str_('Q_6l74eg'): 's1', np.str_('G_u5vagt'): 's0'}",1,2,2,0.006573686933512639,0.20094345783188672,5.0,5.0,4.5,4.0,1,1.0,2.0,False,False,False,False,0.19436977089837407,-0.9672858872618171
4,confusing,0.5,51,0,19,8,0.4210526315789473,5.75,9,19,"[np.str_('C_p490cm'), np.str_('A_dcka33')]","['s1', 's0']","{np.str_('O_nhaatt'): 's1', np.str_('G_u5vagt'): 's0'}",1,2,2,0.3267345836041039,0.15806203171412972,5.0,5.0,4.0,5.0,1,1.0,1.0,False,False,False,False,0.16867255188997418,1.067128835817033
4,confusing,0.5,51,0,19,8,0.4210526315789473,5.75,9,20,"[np.str_('A_dcka33'), np.str_('F_gwfc5h')]","['s1', 's0']","{np.str_('G_u5vagt'): 's0', np.str_('C_p490cm'): 's0'}",1,2,2,0.003031745060857019,0.3250375674513608,5.0,4.0,3.5,7.0,1,1.0,1.0,False,False,False,False,0.3220058223905038,-0.990672631829517
4,confusing,0.5,51,0,19,8,0.4210526315789473,5.75,9,22,"[np.str_('C_p490cm'), np.str_('G_u5vagt')]","['s1', 's1']","{np.str_('O_nhaatt'): 's1', np.str_('F_gwfc5h'): 's1'}",1,2,2,0.6556864909558175,0.5381189818061046,5.0,5.0,5.5,3.5,1,1.0,1.0,False,False,False,False,0.11756750914971292,0.21847865086475415
4,confusing,0.5,51,0,19,8,0.4210526315789473,5.75,9,23,"[np.str_('O_nhaatt'), np.str_('G_u5vagt')]","['s1', 's0']","{np.str_('A_l40h2y'): 's1', np.str_('A_dcka33'): 's0'}",1,2,2,0.30899166801485184,0.16004511379519004,5.0,6.0,5.5,4.0,1,1.0,1.0,False,False,False,False,0.1489465542196618,0.9306535556609926
4,confusing,0.5,51,0,19,8,0.4210526315789473,5.75,9,24,"[np.str_('G_u5vagt'), np.str_('A_dcka33')]","['s1', 's1']","{np.str_('P_eo9210'): 's0', np.str_('F_gwfc5h'): 's1'}",1,2,2,0.44069307957295933,0.5449315272278997,5.0,4.0,5.5,5.5,1,1.0,1.0,False,False,False,False,0.10423844765494039,-0.19128723967432715
6,confusing,1.0,52,0,25,8,0.32,6.75,10,5,[np.str_('X_6fl199')],['s0'],"{np.str_('G_zwp5v0'): 's0', np.str_('W_mwhhu8'): 's0'}",1,2,1,0.5350092593046475,0.3482968823589301,5.0,5.0,6.5,5.0,1,,1.0,False,False,True,False,0.1867123769457174,0.5360724898860991
6,confusing,1.0,52,0,25,8,0.32,6.75,10,8,[np.str_('G_zwp5v0')],['s0'],"{np.str_('W_zz5knb'): 's0', np.str_('V_oukabs'): 's0'}",1,2,1,0.63891308111127,0.4567231827960041,6.0,7.0,6.5,6.0,1,,1.0,False,False,False,False,0.18218989831526589,0.39890661384850523
6,confusing,1.0,52,0,25,8,0.32,6.75,10,9,[np.str_('W_mwhhu8')],['s0'],"{np.str_('A_04jxrk'): 's0', np.str_('W_zz5knb'): 's1'}",1,2,1,0.7679464805065226,0.6662583254989594,6.0,7.0,6.0,7.0,1,,1.0,False,False,False,False,0.10168815500756323,0.1526257175569389
6,confusing,1.0,52,0,25,8,0.32,6.75,10,13,[np.str_('G_zwp5v0')],['s0'],"{np.str_('A_04jxrk'): 's1', np.str_('W_mwhhu8'): 's0'}",1,2,1,0.801029733022003,0.4567231827960041,5.0,6.0,6.5,6.0,1,,1.0,False,False,False,False,0.3443065502259989,0.7538626529054115
6,confusing,1.0,52,0,25,8,0.32,6.75,10,19,"[np.str_('B_97fqlp'), np.str_('V_2lnxw2')]","['s1', 's0']","{np.str_('G_zwp5v0'): 's0', np.str_('W_zz5knb'): 's1'}",1,2,2,0.42996392679614376,0.6103209160964289,6.0,6.0,6.0,6.5,1,1.0,2.0,False,False,False,False,0.18035698930028515,-0.2955117292290033
6,confusing,1.0,52,0,25,8,0.32,6.75,10,23,[np.str_('W_mwhhu8')],['s1'],"{np.str_('X_6fl199'): 's1', np.str_('G_zwp5v0'): 's0'}",1,2,1,0.5831367563293647,0.33374167450104075,5.0,5.0,5.5,7.0,1,,1.0,False,False,False,False,0.24939508182832393,0.7472698223893708
6,confusing,1.0,52,0,25,8,0.32,6.75,10,25,[np.str_('G_zwp5v0')],['s1'],"{np.str_('W_zz5knb'): 's0', np.str_('V_oukabs'): 's0'}",1,2,1,0.36108691888873,0.5432768172039959,6.0,7.0,6.5,6.0,1,,1.0,False,False,False,False,0.18218989831526589,-0.33535371388184065
6,confusing,1.0,52,0,25,8,0.32,6.75,10,26,"[np.str_('A_04jxrk'), np.str_('B_97fqlp')]","['s0', 's0']","{np.str_('V_2lnxw2'): 's0', np.str_('V_oukabs'): 's0'}",1,2,2,0.4343850759516243,0.3168953379311798,5.0,5.0,6.5,6.5,1,1.0,1.0,False,False,False,False,0.11748973802044449,0.3707524976147164
6,confusing,1.0,52,0,25,8,0.32,6.75,10,28,"[np.str_('W_zz5knb'), np.str_('A_04jxrk')]","['s1', 's0']","{np.str_('V_2lnxw2'): 's1', np.str_('X_6fl199'): 's0'}",1,2,2,0.19309303395847838,0.421581673696845,6.0,6.0,5.5,6.0,1,1.0,2.0,True,False,False,False,0.22848863973836664,-0.5419795356253327
6,confusing,1.0,52,0,25,8,0.32,6.75,10,29,"[np.str_('B_97fqlp'), np.str_('W_mwhhu8')]","['s1', 's0']","{np.str_('V_oukabs'): 's0', np.str_('W_zz5knb'): 's1'}",1,2,2,0.08769882203891222,0.4912331014697159,6.0,6.0,6.5,7.0,1,1.0,1.0,False,False,False,False,0.40353427943080367,-0.8214720836675564
6,confusing,0.5,53,0,25,8,0.32,6.75,11,4,"[np.str_('B_97fqlp'), np.str_('V_oukabs')]","['s0', 's1']",{np.str_('A_04jxrk'): 's1'},1,1,2,0.3075727647356346,0.5142172970642074,5.0,5.0,6.0,7.0,1,1.0,,False,False,False,False,0.20664453232857277,-0.40186227400042174
6,confusing,0.5,53,0,25,8,0.32,6.75,11,6,[np.str_('G_zwp5v0')],['s0'],"{np.str_('V_oukabs'): 's0', np.str_('W_zz5knb'): 's1'}",1,2,1,0.42772574159400734,0.7298084208458921,6.0,7.0,6.5,6.0,1,,1.0,False,False,False,False,0.3020826792518848,-0.41392051752671294
6,confusing,0.5,53,0,25,8,0.32,6.75,11,11,[np.str_('W_zz5knb')],['s0'],"{np.str_('W_mwhhu8'): 's1', np.str_('X_6fl199'): 's1'}",1,2,1,0.46309779890833613,0.7098955710166197,6.0,7.0,6.0,6.0,1,,1.0,False,False,False,True,0.24679777210828358,-0.3476536298921432
6,confusing,0.5,53,0,25,8,0.32,6.75,11,28,[np.str_('W_zz5knb')],['s1'],{np.str_('A_04jxrk'): 's0'},1,1,1,0.13649453652003588,0.2901044289833804,6.0,7.0,6.0,6.0,1,,,False,False,False,True,0.15360989246334453,-0.5294986119365471
6,confusing,0.5,53,0,25,8,0.32,6.75,11,29,"[np.str_('B_97fqlp'), np.str_('G_zwp5v0')]","['s0', 's0']","{np.str_('V_2lnxw2'): 's1', np.str_('V_oukabs'): 's1'}",1,2,2,0.7236073899112746,0.60123261049668,5.0,4.0,6.5,6.5,1,1.0,1.0,False,False,False,False,0.12237477941459463,0.20353982348612207
3,confusing,1.0,54,0,13,10,0.7692307692307693,4.0,12,0,"[np.str_('V_bmn1mc'), np.str_('C_nyc9mz')]","['s1', 's1']",{np.str_('I_todfit'): 's0'},1,1,2,0.07567496127621064,0.2295393003168125,1.0,3.0,3.0,2.5,1,2.0,,True,False,False,False,0.15386433904060187,-0.6703180624330419
3,confusing,1.0,54,0,13,10,0.7692307692307693,4.0,12,2,[np.str_('P_zzd2v4')],['s1'],{np.str_('Y_hrjgen'): 's0'},1,1,1,0.6845728858039186,0.3844286842011492,3.0,4.0,2.0,4.0,1,,,True,False,False,False,0.30014420160276944,0.7807539185752368
3,confusing,1.0,54,0,13,10,0.7692307692307693,4.0,12,3,"[np.str_('L_qp2sqb'), np.str_('U_vmoe1t')]","['s1', 's1']","{np.str_('I_todfit'): 's1', np.str_('P_zzd2v4'): 's1'}",1,2,2,0.4694092404105615,0.2785725038667536,4.0,8.0,3.5,3.0,1,3.0,1.0,False,False,False,True,0.1908367365438079,0.6850523073701799
3,confusing,1.0,54,0,13,10,0.7692307692307693,4.0,12,6,"[np.str_('I_todfit'), np.str_('P_zzd2v4')]","['s1', 's1']",{np.str_('U_vmoe1t'): 's0'},1,1,2,0.033989341715608024,0.35230433551361506,3.0,6.0,3.0,3.5,1,1.0,,False,True,False,False,0.31831499379800704,-0.903522783317282
3,confusing,1.0,54,0,13,10,0.7692307692307693,4.0,12,17,[np.str_('Y_hrjgen')],['s1'],{np.str_('S_l0yhsh'): 's1'},1,1,1,0.715741241161294,0.5421054357800154,1.0,1.0,3.0,2.0,1,,,False,False,True,False,0.17363580538127865,0.32029895647779394
3,confusing,1.0,54,0,13,10,0.7692307692307693,4.0,12,18,[np.str_('U_vmoe1t')],['s0'],"{np.str_('P_zzd2v4'): 's1', np.str_('P_fcpx7a'): 's0'}",1,2,1,0.04829090020627374,0.4416964016025005,3.0,7.0,2.5,3.0,1,,3.0,False,False,False,True,0.39340550139622676,-0.8906694733507642
3,confusing,0.5,55,0,13,10,0.7692307692307693,4.0,13,19,[np.str_('L_qp2sqb')],['s1'],"{np.str_('Y_hrjgen'): 's0', np.str_('P_zzd2v4'): 's1'}",2,2,1,0.47592024695713153,0.8447544088170947,3.0,6.0,3.0,3.0,2,,1.0,False,False,False,True,0.3688341618599632,-0.43661703095037974
3,confusing,0.5,55,0,13,10,0.7692307692307693,4.0,13,23,[np.str_('L_qp2sqb')],['s0'],{np.str_('I_todfit'): 's1'},2,1,1,0.33726325053901446,0.15524559118290532,3.0,5.0,3.0,3.0,2,,,True,False,False,True,0.18201765935610914,1.1724497808228374
4,confusing,1.0,56,0,21,10,0.4761904761904761,7.8,14,2,[np.str_('D_vyqi2q')],['s0'],"{np.str_('V_pa8oxw'): 's1', np.str_('E_0ymclq'): 's1'}",1,2,1,0.5466175164981939,0.44408115880537385,6.0,7.0,4.0,6.0,1,,2.0,True,False,False,True,0.10253635769282005,0.23089553713256805
4,confusing,1.0,56,0,21,10,0.4761904761904761,7.8,14,11,"[np.str_('B_qnu6i3'), np.str_('S_b55d86')]","['s1', 's0']",{np.str_('V_pa8oxw'): 's1'},1,1,2,0.010636825076394343,0.3055797749011581,3.0,2.0,4.0,4.0,1,1.0,,True,False,False,False,0.29494294982476377,-0.9651913315276349
4,confusing,1.0,56,0,21,10,0.4761904761904761,7.8,14,22,"[np.str_('P_2ztfck'), np.str_('W_4op6rl')]","['s0', 's0']","{np.str_('B_qnu6i3'): 's1', np.str_('J_4365bq'): 's1'}",1,2,2,0.18518342563801016,0.3355505001322956,6.0,7.0,5.0,2.5,1,2.0,2.0,False,False,False,False,0.15036707449428544,-0.44812054947020213
4,confusing,0.5,57,0,21,10,0.4761904761904761,7.8,15,1,"[np.str_('W_4op6rl'), np.str_('R_3o4z3k')]","['s0', 's1']",{np.str_('P_2ztfck'): 's0'},1,1,2,0.7097368319210559,0.5844105315189743,3.0,4.0,2.0,4.0,1,2.0,,True,False,False,False,0.1253263004020816,0.2144490792736725
4,confusing,0.5,57,0,21,10,0.4761904761904761,7.8,15,2,"[np.str_('D_vyqi2q'), np.str_('R_3o4z3k')]","['s1', 's0']",{np.str_('V_pa8oxw'): 's1'},1,1,2,0.5211290377746154,0.20414441428716731,6.0,6.0,4.0,5.5,1,1.0,,True,False,False,False,0.31698462348744805,1.552746983522899
4,confusing,0.5,57,0,21,10,0.4761904761904761,7.8,15,3,[np.str_('R_3o4z3k')],['s0'],"{np.str_('E_0ymclq'): 's0', np.str_('S_b55d86'): 's1'}",1,2,1,0.4554115355763871,0.3466263276580257,3.0,6.0,4.0,5.0,1,,2.0,False,False,False,False,0.10878520791836138,0.31384000359512965
4,confusing,0.5,57,0,21,10,0.4761904761904761,7.8,15,5,[np.str_('B_qnu6i3')],['s0'],{np.str_('J_4365bq'): 's1'},2,1,1,0.4886734613905402,0.6418277145783734,6.0,8.0,6.0,4.0,2,,,False,True,False,False,0.1531542531878332,-0.23862206275782688
4,confusing,0.5,57,0,21,10,0.4761904761904761,7.8,15,8,[np.str_('R_3o4z3k')],['s1'],"{np.str_('P_2ztfck'): 's1', np.str_('D_vyqi2q'): 's0'}",1,2,1,0.549640733411162,0.6533736723419744,6.0,7.0,4.0,5.0,1,,2.0,False,False,False,False,0.10373293893081237,-0.15876510383252598
4,confusing,0.5,57,0,21,10,0.4761904761904761,7.8,15,15,"[np.str_('D_vyqi2q'), np.str_('R_3o4z3k')]","['s1', 's1']",{np.str_('E_0ymclq'): 's1'},1,1,2,0.36279717864569516,0.4777898466238164,6.0,6.0,4.0,5.5,1,1.0,,True,False,False,False,0.11499266797812124,-0.24067624875389976
4,confusing,0.5,57,0,21,10,0.4761904761904761,7.8,15,23,[np.str_('B_qnu6i3')],['s0'],{np.str_('R_3o4z3k'): 's0'},1,1,1,0.27635285976611873,0.6418277145783734,3.0,4.0,5.0,4.0,1,,,False,False,False,False,0.36547485481225467,-0.5694282850536312
4,confusing,0.5,57,0,21,10,0.4761904761904761,7.8,15,25,"[np.str_('B_qnu6i3'), np.str_('D_vyqi2q')]","['s1', 's0']","{np.str_('R_3o4z3k'): 's0', np.str_('S_b55d86'): 's0'}",1,2,2,0.5467343375878974,0.1262267154237594,6.0,7.0,4.5,5.0,1,1.0,2.0,False,False,False,False,0.42050762216413795,3.331367854676718
4,confusing,0.5,57,0,21,10,0.4761904761904761,7.8,15,26,[np.str_('S_b55d86')],['s0'],"{np.str_('V_7zk528'): 's1', np.str_('V_pa8oxw'): 's1'}",1,2,1,0.03547332931418077,0.3009755532333099,3.0,3.0,4.0,4.0,1,,1.0,False,False,False,False,0.2655022239191291,-0.88213883508777
4,confusing,0.5,57,0,21,10,0.4761904761904761,7.8,15,27,[np.str_('E_0ymclq')],['s0'],{np.str_('R_3o4z3k'): 's1'},1,1,1,0.6601978681746391,0.7744239664145828,3.0,4.0,5.0,4.0,1,,,False,False,True,False,0.11422609823994367,-0.14749814467750277
4,confusing,0.5,57,0,21,10,0.4761904761904761,7.8,15,29,[np.str_('E_0ymclq')],['s0'],"{np.str_('D_vyqi2q'): 's0', np.str_('R_3o4z3k'): 's1'}",1,2,1,0.20163820550018222,0.7744239664145828,6.0,7.0,5.5,4.0,1,,1.0,False,False,True,False,0.5727857609144006,-0.7396281439561796
6,confusing,1.0,58,0,28,10,0.3571428571428571,7.4,16,2,[np.str_('U_z70auc')],['s0'],"{np.str_('J_k2x6vl'): 's1', np.str_('R_z8nlbs'): 's0'}",1,2,1,0.6631473465600266,0.4806126723129783,5.0,7.0,4.5,6.0,1,,1.0,False,False,True,False,0.18253467424704833,0.3797957997415859
6,confusing,1.0,58,0,28,10,0.3571428571428571,7.4,16,6,"[np.str_('R_z8nlbs'), np.str_('A_d80c9d')]","['s1', 's1']",{np.str_('A_ntw91b'): 's0'},1,1,2,0.2891987061786916,0.1851930927198312,3.0,4.0,4.0,5.5,1,1.0,,False,False,False,False,0.10400561345886039,0.5616063317016092
6,confusing,1.0,58,0,28,10,0.3571428571428571,7.4,16,10,[np.str_('U_z70auc')],['s0'],"{np.str_('A_d9mi34'): 's1', np.str_('A_ntw91b'): 's0'}",1,2,1,0.3328041554471767,0.4806126723129783,3.0,4.0,5.5,6.0,1,,1.0,False,False,True,False,0.1478085168658016,-0.3075418635019837
6,confusing,1.0,58,0,28,10,0.3571428571428571,7.4,16,20,"[np.str_('A_d80c9d'), np.str_('J_k2x6vl')]","['s0', 's0']","{np.str_('U_z70auc'): 's1', np.str_('H_5tdpwz'): 's1'}",1,2,2,0.37193038785890653,0.25753891734369316,6.0,8.0,5.5,6.0,1,2.0,1.0,False,False,False,False,0.11439147051521337,0.44417159043405713
6,confusing,1.0,58,0,28,10,0.3571428571428571,7.4,16,24,[np.str_('A_zy79xx')],['s1'],"{np.str_('U_z70auc'): 's0', np.str_('D_6xzov9'): 's0'}",1,2,1,0.129338653866652,0.38536456695308763,4.0,4.0,5.5,7.0,1,,2.0,True,False,False,False,0.25602591308643563,-0.6643732585762171
6,confusing,0.5,59,0,28,10,0.3571428571428571,7.4,17,0,"[np.str_('E_c9xjfs'), np.str_('R_z8nlbs')]","['s0', 's1']","{np.str_('H_5tdpwz'): 's0', np.str_('A_d80c9d'): 's1'}",1,2,2,0.8302974393069584,0.20675792637641224,5.0,7.0,6.0,5.0,1,2.0,2.0,False,False,False,False,0.6235395129305462,3.015794963020494
6,confusing,0.5,59,0,28,10,0.3571428571428571,7.4,17,7,"[np.str_('H_5tdpwz'), np.str_('J_k2x6vl')]","['s0', 's0']","{np.str_('A_ntw91b'): 's1', np.str_('A_zy79xx'): 's0'}",1,2,2,0.8027956209158895,0.20094294936402618,7.0,8.0,5.5,5.0,1,2.0,2.0,False,False,False,True,0.6018526715518633,2.9951420214379016
6,confusing,0.5,59,0,28,10,0.3571428571428571,7.4,17,17,"[np.str_('A_ntw91b'), np.str_('J_k2x6vl')]","['s1', 's1']","{np.str_('R_z8nlbs'): 's1', np.str_('A_d9mi34'): 's0'}",1,2,2,0.0271822737891107,0.6890012822313909,5.0,6.0,5.5,4.5,1,1.0,2.0,False,False,False,False,0.6618190084422801,-0.9605482972381726
6,confusing,0.5,59,0,28,10,0.3571428571428571,7.4,17,18,[np.str_('R_z8nlbs')],['s0'],"{np.str_('D_6xzov9'): 's1', np.str_('U_z70auc'): 's0'}",1,2,1,0.9103544498759959,0.22503389962083906,3.0,4.0,5.5,4.0,1,,2.0,True,False,False,False,0.6853205502551568,3.045410275562293
6,confusing,0.5,59,0,28,10,0.3571428571428571,7.4,17,19,[np.str_('H_5tdpwz')],['s1'],{np.str_('A_d80c9d'): 's1'},2,1,1,0.200894075569468,0.4822594329739283,5.0,8.0,7.0,5.0,2,,,False,False,False,True,0.28136535740446034,-0.5834315270297085
6,confusing,0.5,59,0,28,10,0.3571428571428571,7.4,17,26,"[np.str_('A_d80c9d'), np.str_('E_c9xjfs')]","['s1', 's1']",{np.str_('U_z70auc'): 's1'},1,1,2,0.5941170413001302,0.05918703911331619,5.0,5.0,6.0,6.5,1,1.0,,True,False,False,False,0.534930002186814,9.037958482137736
3,confusing,1.0,60,0,16,12,0.75,4.166666666666667,18,0,"[np.str_('G_11c8yk'), np.str_('I_qryczh')]","['s1', 's1']","{np.str_('Z_r87x8d'): 's1', np.str_('M_60d6wp'): 's1'}",1,2,2,0.38267305843552174,0.15682035821616028,5.0,9.0,1.5,2.0,1,5.0,2.0,True,False,False,True,0.22585270021936146,1.4402001295523597
3,confusing,1.0,60,0,16,12,0.75,4.166666666666667,18,13,[np.str_('Z_4v361k')],['s1'],{np.str_('C_h5ju5q'): 's1'},1,1,1,0.7545950928179634,0.5471120771806901,4.0,4.0,5.0,3.0,1,,,False,False,True,False,0.20748301563727334,0.3792331119913291
3,confusing,1.0,60,0,16,12,0.75,4.166666666666667,18,19,[np.str_('X_fb1gu5')],['s0'],"{np.str_('Z_4v361k'): 's1', np.str_('Z_r87x8d'): 's0'}",1,2,1,0.6897307078532147,0.5807673137870929,2.0,4.0,2.0,3.0,1,,2.0,True,False,False,False,0.10896339406612177,0.18761970840884365
3,confusing,0.5,61,0,16,12,0.75,4.166666666666667,19,1,"[np.str_('C_h5ju5q'), np.str_('X_fb1gu5')]","['s0', 's0']","{np.str_('G_11c8yk'): 's1', np.str_('Z_4v361k'): 's1'}",1,2,2,0.31994835379107334,0.002333300011528987,5.0,8.0,3.0,4.0,1,2.0,3.0,False,False,False,False,0.31761505377954435,136.12268127124148
3,confusing,0.5,61,0,16,12,0.75,4.166666666666667,19,20,[np.str_('L_u8nlyj')],['s1'],"{np.str_('X_fb1gu5'): 's0', np.str_('N_bgkp9i'): 's0'}",1,2,1,0.00758834305260384,0.4920720164059127,1.0,2.0,3.5,1.0,1,,2.0,False,False,False,True,0.48448367335330883,-0.9845787957867854
3,confusing,0.5,61,0,16,12,0.75,4.166666666666667,19,23,"[np.str_('N_bgkp9i'), np.str_('I_qryczh')]","['s0', 's1']","{np.str_('M_60d6wp'): 's1', np.str_('L_u8nlyj'): 's1'}",1,2,2,0.005328842338028721,0.3455529324657016,3.0,5.0,1.5,2.5,1,3.0,3.0,False,False,False,False,0.3402240901276729,-0.9845787957867854
4,confusing,1.0,62,0,19,12,0.631578947368421,5.0,20,18,[np.str_('F_4utadi')],['s0'],"{np.str_('S_yrjlr4'): 's1', np.str_('H_xlveiq'): 's0'}",1,2,1,0.44064134240535996,0.572882220557144,4.0,7.0,3.5,5.0,1,,3.0,False,False,False,False,0.13224087815178404,-0.2308343205749623
4,confusing,1.0,62,0,19,12,0.631578947368421,5.0,20,24,[np.str_('H_xlveiq')],['s0'],"{np.str_('T_bprvfu'): 's0', np.str_('F_4utadi'): 's1'}",1,2,1,0.7464578139668819,0.5672742784660694,4.0,9.0,4.0,4.0,1,,1.0,False,False,False,False,0.17918353550081256,0.31586754820848123
4,confusing,1.0,62,0,19,12,0.631578947368421,5.0,20,25,"[np.str_('B_mr79ih'), np.str_('E_dyk88p')]","['s0', 's1']","{np.str_('W_5ec2p4'): 's1', np.str_('S_yrjlr4'): 's1'}",1,2,2,0.18031732222907842,0.297520141249323,4.0,8.0,3.0,2.5,1,2.0,2.0,False,False,False,False,0.1172028190202446,-0.39393238564655086
4,confusing,0.5,63,0,19,12,0.631578947368421,5.0,21,5,[np.str_('W_5ec2p4')],['s0'],{np.str_('N_73jbak'): 's0'},3,1,1,0.7146357813889218,0.5282032937551832,4.0,7.0,2.0,3.0,3,,,True,False,False,False,0.18643248763373865,0.35295593540949827
4,confusing,0.5,63,0,19,12,0.631578947368421,5.0,21,8,[np.str_('S_yrjlr4')],['s0'],{np.str_('T_bprvfu'): 's0'},1,1,1,0.7931308838090163,0.9146149733789453,5.0,9.0,3.0,3.0,1,,,False,True,True,False,0.12148408956992895,-0.1328253889405716
4,confusing,0.5,63,0,19,12,0.631578947368421,5.0,21,17,[np.str_('H_xlveiq')],['s0'],"{np.str_('U_9q13tj'): 's0', np.str_('T_4vioan'): 's0'}",1,2,1,0.041815563926789145,0.7966462387695539,3.0,5.0,3.0,4.0,1,,2.0,True,False,False,False,0.7548306748427647,-0.9475104985226884
4,confusing,0.5,63,0,19,12,0.631578947368421,5.0,21,18,"[np.str_('E_dyk88p'), np.str_('F_4utadi')]","['s1', 's0']",{np.str_('W_8x79af'): 's0'},2,1,2,0.23405218907562403,0.5288367632448612,4.0,7.0,4.0,3.5,2,3.0,,False,False,False,False,0.29478457416923715,-0.5574207291499257
4,confusing,0.5,63,0,19,12,0.631578947368421,5.0,21,19,"[np.str_('T_4vioan'), np.str_('E_dyk88p')]","['s0', 's1']","{np.str_('B_mr79ih'): 's0', np.str_('F_4utadi'): 's0'}",2,2,2,0.01703374599495842,0.17283179406253465,5.0,7.0,4.0,2.5,2,4.0,1.0,False,False,False,False,0.15579804806757624,-0.9014432148474071
4,confusing,0.5,63,0,19,12,0.631578947368421,5.0,21,28,[np.str_('W_8x79af')],['s0'],"{np.str_('U_9q13tj'): 's1', np.str_('B_mr79ih'): 's0'}",1,2,1,0.19793269464038493,0.019157504569536205,,,3.0,4.0,1,,2.0,False,False,False,False,0.17877519007084872,9.331862060736901
4,confusing,0.5,63,0,19,12,0.631578947368421,5.0,21,29,"[np.str_('W_0d44kc'), np.str_('E_dyk88p')]","['s1', 's1']","{np.str_('S_yrjlr4'): 's1', np.str_('N_73jbak'): 's1'}",1,2,2,0.6067262790826815,0.30953558642140905,4.0,6.0,2.5,2.5,1,2.0,2.0,True,False,False,True,0.29719069266127246,0.960118014529903
5,confusing,1.0,64,0,28,12,0.4285714285714285,8.0,22,1,[np.str_('V_8vp9h7')],['s0'],"{np.str_('M_6kzogs'): 's0', np.str_('L_96iiqy'): 's0'}",1,2,1,0.9202908327650777,0.5996446787827007,7.0,9.0,5.5,5.0,1,,2.0,False,False,False,False,0.32064615398237706,0.5347269230059705
5,confusing,1.0,64,0,28,12,0.4285714285714285,8.0,22,4,[np.str_('L_96iiqy')],['s1'],{np.str_('E_v5k3i8'): 's1'},1,1,1,0.5100798164052353,0.6422619464891983,6.0,9.0,4.0,6.0,1,,,True,False,False,True,0.13218213008396307,-0.2058071956567119
5,confusing,1.0,64,0,28,12,0.4285714285714285,8.0,22,5,"[np.str_('H_n0zho5'), np.str_('V_8vp9h7')]","['s1', 's1']",{np.str_('L_jzaez1'): 's0'},2,1,2,0.3958339048780041,0.2849523118552038,3.0,6.0,2.0,4.5,2,2.0,,False,True,False,False,0.11088159302280026,0.38912333190384446
5,confusing,1.0,64,0,28,12,0.4285714285714285,8.0,22,6,[np.str_('M_6kzogs')],['s0'],"{np.str_('V_8vp9h7'): 's1', np.str_('Q_4cgup1'): 's1'}",1,2,1,0.09702638756849905,0.3429109031084871,3.0,4.0,4.0,5.0,1,,1.0,False,False,True,False,0.24588451553998805,-0.7170507362438613
5,confusing,1.0,64,0,28,12,0.4285714285714285,8.0,22,21,"[np.str_('E_v5k3i8'), np.str_('M_6kzogs')]","['s1', 's0']",{np.str_('L_jzaez1'): 's1'},1,1,2,0.2707679283106296,0.1223444351493389,2.0,3.0,2.0,4.5,1,2.0,,False,True,True,False,0.14842349316129072,1.2131609662517024
5,confusing,1.0,64,0,28,12,0.4285714285714285,8.0,22,22,"[np.str_('L_jzaez1'), np.str_('E_v5k3i8')]","['s0', 's0']","{np.str_('Q_4cgup1'): 's0', np.str_('M_6kzogs'): 's0'}",1,2,2,0.044430555881455856,0.3713498978771093,3.0,4.0,4.0,3.0,1,3.0,2.0,True,False,False,False,0.3269193419956535,-0.880353929985032
5,confusing,1.0,64,0,28,12,0.4285714285714285,8.0,22,23,"[np.str_('M_6kzogs'), np.str_('M_3ay2se')]","['s1', 's0']",{np.str_('V_8vp9h7'): 's1'},1,1,2,0.6776533569711064,0.4684288037161578,3.0,5.0,5.0,5.0,1,1.0,,False,False,False,False,0.2092245532549486,0.44665176777158055
5,confusing,0.5,65,0,28,12,0.4285714285714285,8.0,23,4,[np.str_('P_mosl03')],['s0'],{np.str_('L_jzaez1'): 's1'},2,1,1,0.2609429147207139,0.4125377082632399,2.0,4.0,2.0,6.0,2,,,False,True,False,False,0.15159479354252597,-0.3674689380050405
5,confusing,0.5,65,0,28,12,0.4285714285714285,8.0,23,8,"[np.str_('C_jtgbnd'), np.str_('E_v5k3i8')]","['s0', 's1']","{np.str_('H_n0zho5'): 's1', np.str_('P_mosl03'): 's1'}",1,2,2,0.7343659488648896,0.6244307604363291,6.0,8.0,5.0,4.5,1,1.0,2.0,False,False,False,False,0.10993518842856054,0.17605665094356002
5,confusing,0.5,65,0,28,12,0.4285714285714285,8.0,23,16,[np.str_('H_n0zho5')],['s0'],"{np.str_('P_mosl03'): 's0', np.str_('M_6kzogs'): 's1'}",1,2,1,0.9870515004808988,0.34242741630938367,,,5.5,4.0,1,,1.0,False,False,False,False,0.6446240841715152,1.8825130625320503
5,confusing,0.5,65,0,28,12,0.4285714285714285,8.0,23,21,"[np.str_('V_8vp9h7'), np.str_('D_1iha51')]","['s0', 's1']","{np.str_('L_jzaez1'): 's1', np.str_('Q_4cgup1'): 's0'}",1,2,2,0.03787858808189966,0.27805320603809336,3.0,5.0,2.5,5.0,1,2.0,3.0,False,False,False,False,0.24017461795619371,-0.8637721584957727
5,confusing,0.5,65,0,28,12,0.4285714285714285,8.0,23,24,"[np.str_('C_jtgbnd'), np.str_('L_96iiqy')]","['s1', 's1']",{np.str_('P_mosl03'): 's0'},1,1,2,0.3668267657158328,0.1814675258939438,8.0,9.0,6.0,5.5,1,2.0,,False,False,False,True,0.18535923982188898,1.0214457871113516
5,confusing,0.5,65,0,28,12,0.4285714285714285,8.0,23,25,"[np.str_('D_1iha51'), np.str_('L_jzaez1')]","['s0', 's0']",{np.str_('P_mosl03'): 's1'},1,1,2,0.7236302169097971,0.5041730524287268,2.0,3.0,6.0,3.5,1,1.0,,False,False,False,False,0.21945716448107033,0.43528142455034174
5,confusing,0.5,65,0,28,12,0.4285714285714285,8.0,23,28,"[np.str_('E_v5k3i8'), np.str_('L_96iiqy')]","['s1', 's0']","{np.str_('L_jzaez1'): 's0', np.str_('M_3ay2se'): 's1'}",1,2,2,0.37577582409927734,0.6136737694138694,6.0,9.0,3.5,5.0,1,1.0,2.0,False,False,False,False,0.23789794531459207,-0.3876619095872593
5,confusing,0.5,65,0,28,12,0.4285714285714285,8.0,23,29,[np.str_('P_mosl03')],['s1'],{np.str_('E_v5k3i8'): 's0'},1,1,1,0.3757289865490718,0.5874622917367602,2.0,2.0,4.0,6.0,1,,,True,False,False,False,0.21173330518768846,-0.3604202485264627
3,confusing,1.0,66,0,21,15,0.7142857142857143,3.8666666666666663,24,4,[np.str_('E_mluyxo')],['s1'],"{np.str_('I_x9d51b'): 's0', np.str_('Z_4wk5gk'): 's1'}",1,2,1,0.1883233765622484,0.34293645088570984,2.0,5.0,2.5,4.0,1,,3.0,False,False,False,False,0.15461307432346144,-0.45085051158644324
3,confusing,1.0,66,0,21,15,0.7142857142857143,3.8666666666666663,24,13,"[np.str_('I_x9d51b'), np.str_('M_oqwcdv')]","['s0', 's1']",{np.str_('Q_n31l50'): 's0'},2,1,2,0.07462629376192083,0.22709020373730715,,,4.0,3.0,2,1.0,,False,False,False,False,0.15246390997538634,-0.671380391871739
3,confusing,1.0,66,0,21,15,0.7142857142857143,3.8666666666666663,24,20,"[np.str_('M_oqwcdv'), np.str_('I_x9d51b')]","['s1', 's0']","{np.str_('M_j2m8h9'): 's0', np.str_('Z_4wk5gk'): 's0'}",1,2,2,0.4198095260745021,0.22709020373730715,3.0,7.0,2.0,3.0,1,1.0,4.0,False,False,False,False,0.19271932233719496,0.8486465693611704
3,confusing,1.0,66,0,21,15,0.7142857142857143,3.8666666666666663,24,25,"[np.str_('A_h44rw8'), np.str_('Q_n31l50')]","['s0', 's1']",{np.str_('C_28dcjw'): 's1'},2,1,2,0.09568111294179227,0.23584974080214538,2.0,5.0,2.0,3.0,2,2.0,,False,True,False,False,0.1401686278603531,-0.5943132580244841
3,confusing,0.5,67,0,21,15,0.7142857142857143,3.8666666666666663,25,0,"[np.str_('M_oqwcdv'), np.str_('C_28dcjw')]","['s0', 's1']","{np.str_('D_pynyh4'): 's1', np.str_('A_ox6gtq'): 's0'}",1,2,2,0.4773560209810505,0.23505392914235873,,,2.5,2.5,1,2.0,4.0,False,False,False,True,0.24230209183869178,1.0308361690560945
3,confusing,0.5,67,0,21,15,0.7142857142857143,3.8666666666666663,25,9,[np.str_('O_2bgl1k')],['s0'],"{np.str_('E_mluyxo'): 's0', np.str_('Q_n31l50'): 's0'}",1,2,1,0.6712314152436962,0.7770299114235725,4.0,5.0,4.0,5.0,1,,1.0,False,False,False,False,0.10579849617987624,-0.13615755921936917
3,confusing,0.5,67,0,21,15,0.7142857142857143,3.8666666666666663,25,10,[np.str_('O_2bgl1k')],['s0'],{np.str_('A_h44rw8'): 's0'},1,1,1,0.633019173174412,0.7770299114235725,4.0,4.0,2.0,5.0,1,,,True,False,False,False,0.14401073824916044,-0.1853348708099574
3,confusing,0.5,67,0,21,15,0.7142857142857143,3.8666666666666663,25,12,"[np.str_('D_pynyh4'), np.str_('M_oqwcdv')]","['s1', 's1']",{np.str_('A_ox6gtq'): 's0'},1,1,2,0.30633899852147367,0.5796419986100284,,,4.0,2.0,1,3.0,,False,False,False,True,0.27330300008855474,-0.4715031014728585
3,confusing,0.5,67,0,21,15,0.7142857142857143,3.8666666666666663,25,21,[np.str_('Q_n31l50')],['s1'],"{np.str_('O_2bgl1k'): 's1', np.str_('C_bc0kor'): 's0'}",1,2,1,0.8604061357542864,0.640932875428072,4.0,5.0,4.5,4.0,1,,1.0,False,False,False,False,0.2194732603262144,0.34242784032513646
3,confusing,0.5,67,0,21,15,0.7142857142857143,3.8666666666666663,25,22,[np.str_('I_x9d51b')],['s1'],{np.str_('M_j2m8h9'): 's1'},1,1,1,0.8826213207215734,0.29970817923616433,2.0,4.0,2.0,3.0,1,,,True,False,False,False,0.5829131414854091,1.9449357137033108
4,confusing,1.0,68,0,20,15,0.75,4.266666666666667,26,1,"[np.str_('C_gtg4ou'), np.str_('I_0ihauf')]","['s1', 's1']",{np.str_('L_vo3gte'): 's0'},1,1,2,0.06852733112543447,0.19763686424189075,6.0,12.0,3.0,3.0,1,3.0,,False,False,False,True,0.1291095331164563,-0.6532664521454721
4,confusing,1.0,68,0,20,15,0.75,4.266666666666667,26,5,[np.str_('S_k2yxup')],['s0'],"{np.str_('K_76ukd1'): 's1', np.str_('I_0ihauf'): 's1'}",2,2,1,0.44827868216439576,0.2818694556342609,4.0,10.0,4.0,2.0,2,,2.0,False,False,True,False,0.16640922653013485,0.5903769394086416
4,confusing,1.0,68,0,20,15,0.75,4.266666666666667,26,9,[np.str_('V_bjib0u')],['s1'],"{np.str_('L_xxnwa7'): 's0', np.str_('K_lupo8c'): 's1'}",1,2,1,0.8085738931257149,0.6911490639818312,,,2.5,1.0,1,,1.0,False,False,True,False,0.11742482914388375,0.169897978979207
4,confusing,1.0,68,0,20,15,0.75,4.266666666666667,26,10,"[np.str_('T_mupdyz'), np.str_('L_vo3gte')]","['s1', 's0']","{np.str_('V_bjib0u'): 's1', np.str_('C_gtg4ou'): 's0'}",1,2,2,0.45706816302066366,0.3167176776205705,3.0,7.0,1.5,3.0,1,2.0,5.0,False,False,False,False,0.14035048540009315,0.4431406748575423
4,confusing,1.0,68,0,20,15,0.75,4.266666666666667,26,14,"[np.str_('L_xxnwa7'), np.str_('C_gtg4ou')]","['s0', 's0']","{np.str_('L_vak2xm'): 's0', np.str_('V_bjib0u'): 's0'}",1,2,2,0.21178556712997015,0.31624363750787093,3.0,9.0,2.0,2.5,1,4.0,3.0,True,False,False,False,0.10445807037790078,-0.33030884415912065
4,confusing,1.0,68,0,20,15,0.75,4.266666666666667,26,16,"[np.str_('C_gtg4ou'), np.str_('S_k2yxup')]","['s1', 's0']","{np.str_('O_3c3wje'): 's1', np.str_('W_mtt1il'): 's0'}",1,2,2,0.03611182911808487,0.18138838995455725,4.0,8.0,4.0,2.0,1,3.0,2.0,False,False,False,False,0.1452765608364724,-0.8009143301446588
4,confusing,1.0,68,0,20,15,0.75,4.266666666666667,26,21,"[np.str_('C_gtg4ou'), np.str_('L_vak2xm')]","['s0', 's0']",{np.str_('S_k2yxup'): 's0'},3,1,2,0.28419209059699224,0.4238039929846558,3.0,6.0,2.0,2.5,3,2.0,,True,False,False,False,0.13961190238766358,-0.32942564180304534
4,confusing,0.5,69,0,20,15,0.75,4.266666666666667,27,6,[np.str_('L_vo3gte')],['s0'],{np.str_('W_mtt1il'): 's0'},1,1,1,0.39388191554793656,0.572256933211562,,,4.0,3.0,1,,,False,False,False,False,0.17837501766362546,-0.31170442385480135
4,confusing,0.5,69,0,20,15,0.75,4.266666666666667,27,12,"[np.str_('Q_6lv5h0'), np.str_('L_vak2xm')]","['s0', 's0']","{np.str_('L_vo3gte'): 's1', np.str_('V_bjib0u'): 's0'}",1,2,2,0.9624224876019096,0.6091995160539377,2.0,4.0,2.0,2.5,1,4.0,4.0,False,False,True,False,0.3532229715479719,0.5798149247326355
4,confusing,0.5,69,0,20,15,0.75,4.266666666666667,27,22,[np.str_('L_vo3gte')],['s0'],{np.str_('K_lupo8c'): 's0'},2,1,1,0.6863266741765439,0.572256933211562,2.0,4.0,2.0,3.0,2,,,False,False,False,False,0.1140697409649819,0.19933308684407078
6,confusing,1.0,70,0,35,15,0.4285714285714285,7.466666666666667,28,4,[np.str_('G_0bb342')],['s0'],{np.str_('Q_8tnrgq'): 's0'},1,1,1,0.4390647362536689,0.6375859304136418,4.0,6.0,7.0,4.0,1,,,False,False,False,True,0.19852119415997288,-0.31136382515715144
6,confusing,1.0,70,0,35,15,0.4285714285714285,7.466666666666667,28,16,[np.str_('F_l2jnxd')],['s0'],"{np.str_('G_kikw5i'): 's1', np.str_('V_0hemwa'): 's1'}",1,2,1,0.046120301422315345,0.47515135179912027,6.0,12.0,4.5,5.0,1,,1.0,False,False,False,False,0.42903105037680495,-0.9029355567490553
6,confusing,1.0,70,0,35,15,0.4285714285714285,7.466666666666667,28,18,"[np.str_('Q_8tnrgq'), np.str_('A_x7ubqp')]","['s0', 's1']","{np.str_('M_ervqwn'): 's1', np.str_('K_l39ox8'): 's0'}",1,2,2,0.1214896151638151,0.28438706895323684,3.0,6.0,4.0,7.0,1,2.0,2.0,False,False,False,False,0.16289745378942175,-0.5728019012573591
6,confusing,1.0,70,0,35,15,0.4285714285714285,7.466666666666667,28,28,"[np.str_('K_l39ox8'), np.str_('V_0hemwa')]","['s0', 's1']","{np.str_('N_0fgz52'): 's1', np.str_('A_x7ubqp'): 's0'}",1,2,2,0.2707373664922513,0.14711012713742314,3.0,7.0,5.0,4.5,1,1.0,2.0,False,False,False,False,0.12362723935482814,0.8403720516082592
6,confusing,0.5,71,0,35,15,0.4285714285714285,7.466666666666667,29,5,[np.str_('M_ervqwn')],['s1'],{np.str_('F_l2jnxd'): 's0'},2,1,1,0.6234177378190708,0.4846606070481971,3.0,10.0,5.0,4.0,2,,,False,False,False,False,0.13875713077087376,0.2862975219215104
6,confusing,0.5,71,0,35,15,0.4285714285714285,7.466666666666667,29,6,[np.str_('J_n0v8pk')],['s1'],"{np.str_('I_3kpgtu'): 's0', np.str_('V_0hemwa'): 's0'}",1,2,1,0.07668492155892596,0.1822745216145152,4.0,8.0,5.0,4.0,1,,1.0,False,False,False,False,0.10558960005558925,-0.5792888612205291
6,confusing,0.5,71,0,35,15,0.4285714285714285,7.466666666666667,29,7,[np.str_('I_5vvxkp')],['s0'],{np.str_('K_l39ox8'): 's0'},2,1,1,0.33732030638743354,0.10663518274851277,2.0,5.0,4.0,5.0,2,,,False,False,False,False,0.23068512363892077,2.1633115609035527
6,confusing,0.5,71,0,35,15,0.4285714285714285,7.466666666666667,29,8,[np.str_('H_wj4420')],['s1'],"{np.str_('G_0bb342'): 's0', np.str_('I_3kpgtu'): 's1'}",2,2,1,0.6797243858285976,0.5336332481776286,6.0,12.0,4.5,4.0,2,,2.0,False,False,False,False,0.14609113765096904,0.2737669329073368
6,confusing,0.5,71,0,35,15,0.4285714285714285,7.466666666666667,29,19,"[np.str_('A_x7ubqp'), np.str_('M_ervqwn')]","['s1', 's0']",{np.str_('K_l39ox8'): 's0'},1,1,2,0.20980530340506587,0.05767060598902248,3.0,6.0,4.0,5.5,1,2.0,,False,False,False,False,0.15213469741604338,2.6379937371388467
6,confusing,0.5,71,0,35,15,0.4285714285714285,7.466666666666667,29,24,[np.str_('I_3kpgtu')],['s0'],"{np.str_('H_wj4420'): 's1', np.str_('J_n0v8pk'): 's1'}",1,2,1,0.23001506564635765,0.7889207198320642,4.0,11.0,4.0,5.0,1,,2.0,False,False,False,False,0.5589056541857066,-0.7084433709697465
6,confusing,0.5,71,0,35,15,0.4285714285714285,7.466666666666667,29,25,"[np.str_('G_kikw5i'), np.str_('F_l2jnxd')]","['s0', 's0']","{np.str_('G_0bb342'): 's1', np.str_('O_wyavui'): 's0'}",1,2,2,0.4882497691686839,0.07192120864406193,6.0,12.0,3.5,4.5,1,1.0,2.0,False,False,False,False,0.41632856052462197,5.788675807508076
6,confusing,0.5,71,0,35,15,0.4285714285714285,7.466666666666667,29,29,[np.str_('N_0fgz52')],['s0'],"{np.str_('I_3kpgtu'): 's1', np.str_('Q_8tnrgq'): 's0'}",1,2,1,0.2829427768213787,0.12530850872492455,3.0,5.0,6.0,3.0,1,,1.0,False,False,False,False,0.15763426809645414,1.2579693885152734
3,confusing,1.0,72,0,30,25,0.8333333333333334,4.24,30,14,"[np.str_('Q_u9m269'), np.str_('S_mmdpmt')]","['s0', 's1']","{np.str_('N_c8pbbo'): 's0', np.str_('I_5cdp75'): 's1'}",1,2,2,0.5854931543056171,0.3321536249267044,5.0,11.0,1.5,4.0,1,2.0,3.0,False,False,False,False,0.2533395293789127,0.7627179424424965
3,confusing,0.5,73,0,30,25,0.8333333333333334,4.24,31,14,[np.str_('P_h3vmqi')],['s1'],"{np.str_('N_pld9n7'): 's0', np.str_('V_b0ah68'): 's0'}",1,2,1,0.11828856896948287,0.005346472665862233,1.0,2.0,2.0,2.0,1,,4.0,False,False,True,False,0.11294209630362063,21.124599967520137
3,confusing,0.5,73,0,30,25,0.8333333333333334,4.24,31,23,"[np.str_('Y_uq2jjb'), np.str_('E_kf5m1c')]","['s0', 's0']",{np.str_('F_ivnrga'): 's0'},1,1,2,0.35330567453881345,0.02600730539392329,2.0,2.0,2.0,2.0,1,4.0,,True,False,False,False,0.3272983691448902,12.584862760190632
3,confusing,1.0,74,0,53,50,0.9433962264150944,3.08,32,2,"[np.str_('A_p76j6g'), np.str_('M_k3ub4v')]","['s0', 's0']","{np.str_('X_7h0c4t'): 's0', np.str_('V_uup5hr'): 's1'}",1,2,2,0.6447212917449641,0.3884318119419897,1.0,2.0,2.0,2.0,1,8.0,5.0,False,False,True,False,0.25628947980297434,0.6598055872963614
3,confusing,0.5,75,0,53,50,0.9433962264150944,3.08,33,18,"[np.str_('W_epnlsw'), np.str_('A_ny1piu')]","['s1', 's1']",{np.str_('E_zbpe5g'): 's0'},1,1,2,0.30937325016534706,0.16323957105102624,4.0,12.0,3.0,3.0,1,5.0,,False,False,False,False,0.14613367911432082,0.8952098941049142
